date,time,player_count,title,releasedate,developer,publisher,category
9/21/2023,15:57,7525,Counter-Strike,11/1/2000,Valve,Valve,top_1000
9/21/2023,15:58,7525,Counter-Strike,11/1/2000,Valve,Valve,top_1000
9/21/2023,15:59,7525,Counter-Strike,11/1/2000,Valve,Valve,top_1000
9/21/2023,16:00,7525,Counter-Strike,11/1/2000,Valve,Valve,top_1000
9/21/2023,16:01,7525,Counter-Strike,11/1/2000,Valve,Valve,top_1000
9/21/2023,16:02,7510,Counter-Strike,11/1/2000,Valve,Valve,top_1000
9/21/2023,16:03,7510,Counter-Strike,11/1/2000,Valve,Valve,top_1000
9/21/2023,16:04,7510,Counter-Strike,11/1/2000,Valve,Valve,top_1000
9/21/2023,16:05,7510,Counter-Strike,11/1/2000,Valve,Valve,top_1000
9/21/2023,16:06,7510,Counter-Strike,11/1/2000,Valve,Valve,top_1000
9/21/2023,16:07,7563,Counter-Strike,11/1/2000,Valve,Valve,top_1000
9/21/2023,16:08,7563,Counter-Strike,11/1/2000,Valve,Valve,top_1000
9/21/2023,16:09,7563,Counter-Strike,11/1/2000,Valve,Valve,top_1000
9/21/2023,16:10,7563,Counter-Strike,11/1/2000,Valve,Valve,top_1000
9/21/2023,16:11,7563,Counter-Strike,11/1/2000,Valve,Valve,top_1000
9/21/2023,16:12,7584,Counter-Strike,11/1/2000,Valve,Valve,top_1000
9/21/2023,16:13,7584,Counter-Strike,11/1/2000,Valve,Valve,top_1000
9/21/2023,16:14,7584,Counter-Strike,11/1/2000,Valve,Valve,top_1000
9/21/2023,16:15,7584,Counter-Strike,11/1/2000,Valve,Valve,top_1000
9/21/2023,16:16,7584,Counter-Strike,11/1/2000,Valve,Valve,top_1000
9/21/2023,16:17,7565,Counter-Strike,11/1/2000,Valve,Valve,top_1000
9/21/2023,16:18,7565,Counter-Strike,11/1/2000,Valve,Valve,top_1000
9/21/2023,16:19,7565,Counter-Strike,11/1/2000,Valve,Valve,top_1000
9/21/2023,16:20,7565,Counter-Strike,11/1/2000,Valve,Valve,top_1000
9/21/2023,16:21,7565,Counter-Strike,11/1/2000,Valve,Valve,top_1000
9/21/2023,16:22,7576,Counter-Strike,11/1/2000,Valve,Valve,top_1000
9/21/2023,16:23,7576,Counter-Strike,11/1/2000,Valve,Valve,top_1000
9/21/2023,16:24,7576,Counter-Strike,11/1/2000,Valve,Valve,top_1000
9/21/2023,16:25,7576,Counter-Strike,11/1/2000,Valve,Valve,top_1000
9/21/2023,16:26,7576,Counter-Strike,11/1/2000,Valve,Valve,top_1000
9/21/2023,16:27,7581,Counter-Strike,11/1/2000,Valve,Valve,top_1000
9/21/2023,16:28,7581,Counter-Strike,11/1/2000,Valve,Valve,top_1000
9/21/2023,16:29,7581,Counter-Strike,11/1/2000,Valve,Valve,top_1000
9/21/2023,16:30,7581,Counter-Strike,11/1/2000,Valve,Valve,top_1000
9/21/2023,16:31,7581,Counter-Strike,11/1/2000,Valve,Valve,top_1000
9/21/2023,16:32,7581,Counter-Strike,11/1/2000,Valve,Valve,top_1000
9/21/2023,16:33,7581,Counter-Strike,11/1/2000,Valve,Valve,top_1000
9/21/2023,16:34,7581,Counter-Strike,11/1/2000,Valve,Valve,top_1000
9/21/2023,16:35,7581,Counter-Strike,11/1/2000,Valve,Valve,top_1000
9/21/2023,16:36,7581,Counter-Strike,11/1/2000,Valve,Valve,top_1000
9/21/2023,16:37,7599,Counter-Strike,11/1/2000,Valve,Valve,top_1000
9/21/2023,16:38,7599,Counter-Strike,11/1/2000,Valve,Valve,top_1000
9/21/2023,16:39,7599,Counter-Strike,11/1/2000,Valve,Valve,top_1000
9/21/2023,16:40,7599,Counter-Strike,11/1/2000,Valve,Valve,top_1000
9/21/2023,16:41,7599,Counter-Strike,11/1/2000,Valve,Valve,top_1000
9/21/2023,16:42,7720,Counter-Strike,11/1/2000,Valve,Valve,top_1000
9/21/2023,16:43,7720,Counter-Strike,11/1/2000,Valve,Valve,top_1000
9/21/2023,16:44,7720,Counter-Strike,11/1/2000,Valve,Valve,top_1000
9/21/2023,16:45,7720,Counter-Strike,11/1/2000,Valve,Valve,top_1000
9/21/2023,16:46,7720,Counter-Strike,11/1/2000,Valve,Valve,top_1000
9/21/2023,16:47,7662,Counter-Strike,11/1/2000,Valve,Valve,top_1000
9/21/2023,16:48,7662,Counter-Strike,11/1/2000,Valve,Valve,top_1000
9/21/2023,16:49,7662,Counter-Strike,11/1/2000,Valve,Valve,top_1000
9/21/2023,16:50,7662,Counter-Strike,11/1/2000,Valve,Valve,top_1000
9/21/2023,16:51,7662,Counter-Strike,11/1/2000,Valve,Valve,top_1000
9/21/2023,16:52,7659,Counter-Strike,11/1/2000,Valve,Valve,top_1000
9/21/2023,16:53,7659,Counter-Strike,11/1/2000,Valve,Valve,top_1000
9/21/2023,16:54,7659,Counter-Strike,11/1/2000,Valve,Valve,top_1000
9/21/2023,16:55,7659,Counter-Strike,11/1/2000,Valve,Valve,top_1000
9/21/2023,16:56,7659,Counter-Strike,11/1/2000,Valve,Valve,top_1000
9/21/2023,16:57,7693,Counter-Strike,11/1/2000,Valve,Valve,top_1000
9/21/2023,16:58,7693,Counter-Strike,11/1/2000,Valve,Valve,top_1000
9/21/2023,16:59,7693,Counter-Strike,11/1/2000,Valve,Valve,top_1000
9/21/2023,17:00,7693,Counter-Strike,11/1/2000,Valve,Valve,top_1000
9/21/2023,17:01,7693,Counter-Strike,11/1/2000,Valve,Valve,top_1000
9/21/2023,17:02,7789,Counter-Strike,11/1/2000,Valve,Valve,top_1000
9/21/2023,17:03,7789,Counter-Strike,11/1/2000,Valve,Valve,top_1000
9/21/2023,17:04,7789,Counter-Strike,11/1/2000,Valve,Valve,top_1000
9/21/2023,17:05,7789,Counter-Strike,11/1/2000,Valve,Valve,top_1000
9/21/2023,17:06,7789,Counter-Strike,11/1/2000,Valve,Valve,top_1000
9/21/2023,17:07,7797,Counter-Strike,11/1/2000,Valve,Valve,top_1000
9/21/2023,17:08,7797,Counter-Strike,11/1/2000,Valve,Valve,top_1000
9/21/2023,17:09,7797,Counter-Strike,11/1/2000,Valve,Valve,top_1000
9/21/2023,17:10,7797,Counter-Strike,11/1/2000,Valve,Valve,top_1000
9/21/2023,17:11,7797,Counter-Strike,11/1/2000,Valve,Valve,top_1000
9/21/2023,17:12,7880,Counter-Strike,11/1/2000,Valve,Valve,top_1000
9/21/2023,17:13,7880,Counter-Strike,11/1/2000,Valve,Valve,top_1000
9/21/2023,17:14,7880,Counter-Strike,11/1/2000,Valve,Valve,top_1000
9/21/2023,17:15,7880,Counter-Strike,11/1/2000,Valve,Valve,top_1000
9/21/2023,17:16,7880,Counter-Strike,11/1/2000,Valve,Valve,top_1000
9/21/2023,17:17,7937,Counter-Strike,11/1/2000,Valve,Valve,top_1000
9/21/2023,17:18,7937,Counter-Strike,11/1/2000,Valve,Valve,top_1000
9/21/2023,17:19,7937,Counter-Strike,11/1/2000,Valve,Valve,top_1000
9/21/2023,17:20,7937,Counter-Strike,11/1/2000,Valve,Valve,top_1000
9/21/2023,17:21,7937,Counter-Strike,11/1/2000,Valve,Valve,top_1000
9/21/2023,17:22,8010,Counter-Strike,11/1/2000,Valve,Valve,top_1000
9/21/2023,17:23,8010,Counter-Strike,11/1/2000,Valve,Valve,top_1000
9/21/2023,17:24,8010,Counter-Strike,11/1/2000,Valve,Valve,top_1000
9/21/2023,17:25,8010,Counter-Strike,11/1/2000,Valve,Valve,top_1000
9/21/2023,17:26,8010,Counter-Strike,11/1/2000,Valve,Valve,top_1000
9/21/2023,17:27,8100,Counter-Strike,11/1/2000,Valve,Valve,top_1000
9/21/2023,17:28,8100,Counter-Strike,11/1/2000,Valve,Valve,top_1000
9/21/2023,17:29,8100,Counter-Strike,11/1/2000,Valve,Valve,top_1000
9/21/2023,17:30,8100,Counter-Strike,11/1/2000,Valve,Valve,top_1000
9/21/2023,17:31,8100,Counter-Strike,11/1/2000,Valve,Valve,top_1000
9/21/2023,17:32,8137,Counter-Strike,11/1/2000,Valve,Valve,top_1000
9/21/2023,17:33,8137,Counter-Strike,11/1/2000,Valve,Valve,top_1000
9/21/2023,17:34,8137,Counter-Strike,11/1/2000,Valve,Valve,top_1000
9/21/2023,17:35,8137,Counter-Strike,11/1/2000,Valve,Valve,top_1000
9/21/2023,17:36,8137,Counter-Strike,11/1/2000,Valve,Valve,top_1000
9/21/2023,17:37,8184,Counter-Strike,11/1/2000,Valve,Valve,top_1000
9/21/2023,17:38,8184,Counter-Strike,11/1/2000,Valve,Valve,top_1000
9/21/2023,17:39,8184,Counter-Strike,11/1/2000,Valve,Valve,top_1000
9/21/2023,17:40,8184,Counter-Strike,11/1/2000,Valve,Valve,top_1000
9/21/2023,17:41,8184,Counter-Strike,11/1/2000,Valve,Valve,top_1000
9/21/2023,17:42,8279,Counter-Strike,11/1/2000,Valve,Valve,top_1000
9/21/2023,17:43,8279,Counter-Strike,11/1/2000,Valve,Valve,top_1000
9/21/2023,17:44,8279,Counter-Strike,11/1/2000,Valve,Valve,top_1000
9/21/2023,17:45,8279,Counter-Strike,11/1/2000,Valve,Valve,top_1000
9/21/2023,17:46,8279,Counter-Strike,11/1/2000,Valve,Valve,top_1000
9/21/2023,17:47,8312,Counter-Strike,11/1/2000,Valve,Valve,top_1000
9/21/2023,17:48,8312,Counter-Strike,11/1/2000,Valve,Valve,top_1000
9/21/2023,17:49,8312,Counter-Strike,11/1/2000,Valve,Valve,top_1000
9/21/2023,17:50,8312,Counter-Strike,11/1/2000,Valve,Valve,top_1000
9/21/2023,17:51,8312,Counter-Strike,11/1/2000,Valve,Valve,top_1000
9/21/2023,17:52,8412,Counter-Strike,11/1/2000,Valve,Valve,top_1000
9/21/2023,17:53,8412,Counter-Strike,11/1/2000,Valve,Valve,top_1000
9/21/2023,17:54,8412,Counter-Strike,11/1/2000,Valve,Valve,top_1000
9/21/2023,17:55,8412,Counter-Strike,11/1/2000,Valve,Valve,top_1000
9/21/2023,17:56,8412,Counter-Strike,11/1/2000,Valve,Valve,top_1000
9/21/2023,17:57,8457,Counter-Strike,11/1/2000,Valve,Valve,top_1000
9/21/2023,17:58,8457,Counter-Strike,11/1/2000,Valve,Valve,top_1000
9/21/2023,17:59,8457,Counter-Strike,11/1/2000,Valve,Valve,top_1000
9/21/2023,18:00,8457,Counter-Strike,11/1/2000,Valve,Valve,top_1000
9/21/2023,18:01,8457,Counter-Strike,11/1/2000,Valve,Valve,top_1000
9/21/2023,18:02,8581,Counter-Strike,11/1/2000,Valve,Valve,top_1000
9/21/2023,18:03,8581,Counter-Strike,11/1/2000,Valve,Valve,top_1000
9/21/2023,18:04,8581,Counter-Strike,11/1/2000,Valve,Valve,top_1000
9/21/2023,18:05,8581,Counter-Strike,11/1/2000,Valve,Valve,top_1000
9/21/2023,18:06,8581,Counter-Strike,11/1/2000,Valve,Valve,top_1000
9/21/2023,18:07,8689,Counter-Strike,11/1/2000,Valve,Valve,top_1000
9/21/2023,18:08,8689,Counter-Strike,11/1/2000,Valve,Valve,top_1000
9/21/2023,18:09,8689,Counter-Strike,11/1/2000,Valve,Valve,top_1000
9/21/2023,18:10,8689,Counter-Strike,11/1/2000,Valve,Valve,top_1000
9/21/2023,18:11,8689,Counter-Strike,11/1/2000,Valve,Valve,top_1000
9/21/2023,18:12,8804,Counter-Strike,11/1/2000,Valve,Valve,top_1000
9/21/2023,18:13,8804,Counter-Strike,11/1/2000,Valve,Valve,top_1000
9/21/2023,18:14,8804,Counter-Strike,11/1/2000,Valve,Valve,top_1000
9/21/2023,18:15,8804,Counter-Strike,11/1/2000,Valve,Valve,top_1000
9/21/2023,18:16,8804,Counter-Strike,11/1/2000,Valve,Valve,top_1000
9/21/2023,18:17,8899,Counter-Strike,11/1/2000,Valve,Valve,top_1000
9/21/2023,18:18,8899,Counter-Strike,11/1/2000,Valve,Valve,top_1000
9/21/2023,18:19,8899,Counter-Strike,11/1/2000,Valve,Valve,top_1000
9/21/2023,18:20,8899,Counter-Strike,11/1/2000,Valve,Valve,top_1000
9/21/2023,18:21,8899,Counter-Strike,11/1/2000,Valve,Valve,top_1000
9/21/2023,18:22,8938,Counter-Strike,11/1/2000,Valve,Valve,top_1000
9/21/2023,18:23,8938,Counter-Strike,11/1/2000,Valve,Valve,top_1000
9/21/2023,18:24,8938,Counter-Strike,11/1/2000,Valve,Valve,top_1000
9/21/2023,18:25,8938,Counter-Strike,11/1/2000,Valve,Valve,top_1000
9/21/2023,18:26,8938,Counter-Strike,11/1/2000,Valve,Valve,top_1000
9/21/2023,18:27,9084,Counter-Strike,11/1/2000,Valve,Valve,top_1000
9/21/2023,18:28,9084,Counter-Strike,11/1/2000,Valve,Valve,top_1000
9/21/2023,18:29,9084,Counter-Strike,11/1/2000,Valve,Valve,top_1000
9/21/2023,18:30,9084,Counter-Strike,11/1/2000,Valve,Valve,top_1000
9/21/2023,18:31,9084,Counter-Strike,11/1/2000,Valve,Valve,top_1000
9/21/2023,18:32,9204,Counter-Strike,11/1/2000,Valve,Valve,top_1000
9/21/2023,18:33,9204,Counter-Strike,11/1/2000,Valve,Valve,top_1000
9/21/2023,18:34,9204,Counter-Strike,11/1/2000,Valve,Valve,top_1000
9/21/2023,18:35,9204,Counter-Strike,11/1/2000,Valve,Valve,top_1000
9/21/2023,18:36,9204,Counter-Strike,11/1/2000,Valve,Valve,top_1000
9/21/2023,18:37,9383,Counter-Strike,11/1/2000,Valve,Valve,top_1000
9/21/2023,18:38,9383,Counter-Strike,11/1/2000,Valve,Valve,top_1000
9/21/2023,18:39,9383,Counter-Strike,11/1/2000,Valve,Valve,top_1000
9/21/2023,18:40,9383,Counter-Strike,11/1/2000,Valve,Valve,top_1000
9/21/2023,18:41,9383,Counter-Strike,11/1/2000,Valve,Valve,top_1000
9/21/2023,18:42,9549,Counter-Strike,11/1/2000,Valve,Valve,top_1000
9/21/2023,18:43,9549,Counter-Strike,11/1/2000,Valve,Valve,top_1000
9/21/2023,18:44,9549,Counter-Strike,11/1/2000,Valve,Valve,top_1000
9/21/2023,18:45,9549,Counter-Strike,11/1/2000,Valve,Valve,top_1000
9/21/2023,18:46,9549,Counter-Strike,11/1/2000,Valve,Valve,top_1000
9/21/2023,18:47,9673,Counter-Strike,11/1/2000,Valve,Valve,top_1000
9/21/2023,18:48,9673,Counter-Strike,11/1/2000,Valve,Valve,top_1000
9/21/2023,18:49,9673,Counter-Strike,11/1/2000,Valve,Valve,top_1000
9/21/2023,18:50,9673,Counter-Strike,11/1/2000,Valve,Valve,top_1000
9/21/2023,18:51,9673,Counter-Strike,11/1/2000,Valve,Valve,top_1000
9/21/2023,18:52,9827,Counter-Strike,11/1/2000,Valve,Valve,top_1000
9/21/2023,18:53,9827,Counter-Strike,11/1/2000,Valve,Valve,top_1000
9/21/2023,18:54,9827,Counter-Strike,11/1/2000,Valve,Valve,top_1000
9/21/2023,18:55,9827,Counter-Strike,11/1/2000,Valve,Valve,top_1000
9/21/2023,18:56,9827,Counter-Strike,11/1/2000,Valve,Valve,top_1000
9/21/2023,18:57,9953,Counter-Strike,11/1/2000,Valve,Valve,top_1000
9/21/2023,18:58,9953,Counter-Strike,11/1/2000,Valve,Valve,top_1000
9/21/2023,18:59,9953,Counter-Strike,11/1/2000,Valve,Valve,top_1000
9/21/2023,19:00,9953,Counter-Strike,11/1/2000,Valve,Valve,top_1000
9/21/2023,19:01,9953,Counter-Strike,11/1/2000,Valve,Valve,top_1000
9/21/2023,19:02,10024,Counter-Strike,11/1/2000,Valve,Valve,top_1000
9/21/2023,19:03,10024,Counter-Strike,11/1/2000,Valve,Valve,top_1000
9/21/2023,19:04,10024,Counter-Strike,11/1/2000,Valve,Valve,top_1000
9/21/2023,19:05,10024,Counter-Strike,11/1/2000,Valve,Valve,top_1000
9/21/2023,19:06,10024,Counter-Strike,11/1/2000,Valve,Valve,top_1000
9/21/2023,19:07,10205,Counter-Strike,11/1/2000,Valve,Valve,top_1000
9/21/2023,19:08,10205,Counter-Strike,11/1/2000,Valve,Valve,top_1000
9/21/2023,19:09,10205,Counter-Strike,11/1/2000,Valve,Valve,top_1000
9/21/2023,19:10,10205,Counter-Strike,11/1/2000,Valve,Valve,top_1000
9/21/2023,19:11,10205,Counter-Strike,11/1/2000,Valve,Valve,top_1000
9/21/2023,19:12,10392,Counter-Strike,11/1/2000,Valve,Valve,top_1000
9/21/2023,19:13,10392,Counter-Strike,11/1/2000,Valve,Valve,top_1000
9/21/2023,19:14,10392,Counter-Strike,11/1/2000,Valve,Valve,top_1000
9/21/2023,19:15,10392,Counter-Strike,11/1/2000,Valve,Valve,top_1000
9/21/2023,19:16,10392,Counter-Strike,11/1/2000,Valve,Valve,top_1000
9/21/2023,19:17,10613,Counter-Strike,11/1/2000,Valve,Valve,top_1000
9/21/2023,19:18,10613,Counter-Strike,11/1/2000,Valve,Valve,top_1000
9/21/2023,19:19,10613,Counter-Strike,11/1/2000,Valve,Valve,top_1000
9/21/2023,19:20,10613,Counter-Strike,11/1/2000,Valve,Valve,top_1000
9/21/2023,19:21,10613,Counter-Strike,11/1/2000,Valve,Valve,top_1000
9/21/2023,19:22,10760,Counter-Strike,11/1/2000,Valve,Valve,top_1000
9/21/2023,19:23,10760,Counter-Strike,11/1/2000,Valve,Valve,top_1000
9/21/2023,19:24,10760,Counter-Strike,11/1/2000,Valve,Valve,top_1000
9/21/2023,19:25,10760,Counter-Strike,11/1/2000,Valve,Valve,top_1000
9/21/2023,19:26,10760,Counter-Strike,11/1/2000,Valve,Valve,top_1000
9/21/2023,19:27,10940,Counter-Strike,11/1/2000,Valve,Valve,top_1000
9/21/2023,19:28,10940,Counter-Strike,11/1/2000,Valve,Valve,top_1000
9/21/2023,19:29,10940,Counter-Strike,11/1/2000,Valve,Valve,top_1000
9/21/2023,19:30,10940,Counter-Strike,11/1/2000,Valve,Valve,top_1000
9/21/2023,19:31,10940,Counter-Strike,11/1/2000,Valve,Valve,top_1000
9/21/2023,19:32,11121,Counter-Strike,11/1/2000,Valve,Valve,top_1000
9/21/2023,19:33,11121,Counter-Strike,11/1/2000,Valve,Valve,top_1000
9/21/2023,19:34,11121,Counter-Strike,11/1/2000,Valve,Valve,top_1000
9/21/2023,19:35,11121,Counter-Strike,11/1/2000,Valve,Valve,top_1000
9/21/2023,19:36,11121,Counter-Strike,11/1/2000,Valve,Valve,top_1000
9/21/2023,19:37,11371,Counter-Strike,11/1/2000,Valve,Valve,top_1000
9/21/2023,19:38,11371,Counter-Strike,11/1/2000,Valve,Valve,top_1000
9/21/2023,19:39,11371,Counter-Strike,11/1/2000,Valve,Valve,top_1000
9/21/2023,19:40,11371,Counter-Strike,11/1/2000,Valve,Valve,top_1000
9/21/2023,19:41,11371,Counter-Strike,11/1/2000,Valve,Valve,top_1000
9/21/2023,19:42,11513,Counter-Strike,11/1/2000,Valve,Valve,top_1000
9/21/2023,19:43,11513,Counter-Strike,11/1/2000,Valve,Valve,top_1000
9/21/2023,19:44,11513,Counter-Strike,11/1/2000,Valve,Valve,top_1000
9/21/2023,19:45,11513,Counter-Strike,11/1/2000,Valve,Valve,top_1000
9/21/2023,19:46,11513,Counter-Strike,11/1/2000,Valve,Valve,top_1000
9/21/2023,19:47,11708,Counter-Strike,11/1/2000,Valve,Valve,top_1000
9/21/2023,19:48,11708,Counter-Strike,11/1/2000,Valve,Valve,top_1000
9/21/2023,19:49,11708,Counter-Strike,11/1/2000,Valve,Valve,top_1000
9/21/2023,19:50,11708,Counter-Strike,11/1/2000,Valve,Valve,top_1000
9/21/2023,19:51,11708,Counter-Strike,11/1/2000,Valve,Valve,top_1000
9/21/2023,19:52,11867,Counter-Strike,11/1/2000,Valve,Valve,top_1000
9/21/2023,19:53,11867,Counter-Strike,11/1/2000,Valve,Valve,top_1000
9/21/2023,19:54,11867,Counter-Strike,11/1/2000,Valve,Valve,top_1000
9/21/2023,19:55,11867,Counter-Strike,11/1/2000,Valve,Valve,top_1000
9/21/2023,19:56,11867,Counter-Strike,11/1/2000,Valve,Valve,top_1000
9/21/2023,19:57,12047,Counter-Strike,11/1/2000,Valve,Valve,top_1000
9/21/2023,19:58,12047,Counter-Strike,11/1/2000,Valve,Valve,top_1000
9/21/2023,19:59,12047,Counter-Strike,11/1/2000,Valve,Valve,top_1000
9/21/2023,20:00,12047,Counter-Strike,11/1/2000,Valve,Valve,top_1000
9/21/2023,20:01,12047,Counter-Strike,11/1/2000,Valve,Valve,top_1000
9/21/2023,20:02,12229,Counter-Strike,11/1/2000,Valve,Valve,top_1000
9/21/2023,20:03,12229,Counter-Strike,11/1/2000,Valve,Valve,top_1000
9/21/2023,20:04,12229,Counter-Strike,11/1/2000,Valve,Valve,top_1000
9/21/2023,20:05,12229,Counter-Strike,11/1/2000,Valve,Valve,top_1000
9/21/2023,20:06,12229,Counter-Strike,11/1/2000,Valve,Valve,top_1000
9/21/2023,20:07,12434,Counter-Strike,11/1/2000,Valve,Valve,top_1000
9/21/2023,20:08,12434,Counter-Strike,11/1/2000,Valve,Valve,top_1000
9/21/2023,20:09,12434,Counter-Strike,11/1/2000,Valve,Valve,top_1000
9/21/2023,20:10,12434,Counter-Strike,11/1/2000,Valve,Valve,top_1000
9/21/2023,20:11,12434,Counter-Strike,11/1/2000,Valve,Valve,top_1000
9/21/2023,20:12,12627,Counter-Strike,11/1/2000,Valve,Valve,top_1000
9/21/2023,20:13,12627,Counter-Strike,11/1/2000,Valve,Valve,top_1000
9/21/2023,20:14,12627,Counter-Strike,11/1/2000,Valve,Valve,top_1000
9/21/2023,20:15,12627,Counter-Strike,11/1/2000,Valve,Valve,top_1000
9/21/2023,20:16,12627,Counter-Strike,11/1/2000,Valve,Valve,top_1000
9/21/2023,20:17,12781,Counter-Strike,11/1/2000,Valve,Valve,top_1000
9/21/2023,20:18,12781,Counter-Strike,11/1/2000,Valve,Valve,top_1000
9/21/2023,20:19,12781,Counter-Strike,11/1/2000,Valve,Valve,top_1000
9/21/2023,20:20,12781,Counter-Strike,11/1/2000,Valve,Valve,top_1000
9/21/2023,20:21,12781,Counter-Strike,11/1/2000,Valve,Valve,top_1000
9/21/2023,20:22,12975,Counter-Strike,11/1/2000,Valve,Valve,top_1000
9/21/2023,20:23,12975,Counter-Strike,11/1/2000,Valve,Valve,top_1000
9/21/2023,20:24,12975,Counter-Strike,11/1/2000,Valve,Valve,top_1000
9/21/2023,20:25,12975,Counter-Strike,11/1/2000,Valve,Valve,top_1000
9/21/2023,20:26,12975,Counter-Strike,11/1/2000,Valve,Valve,top_1000
9/21/2023,20:27,13238,Counter-Strike,11/1/2000,Valve,Valve,top_1000
9/21/2023,20:28,13238,Counter-Strike,11/1/2000,Valve,Valve,top_1000
9/21/2023,20:29,13238,Counter-Strike,11/1/2000,Valve,Valve,top_1000
9/21/2023,20:30,13238,Counter-Strike,11/1/2000,Valve,Valve,top_1000
9/21/2023,20:31,13238,Counter-Strike,11/1/2000,Valve,Valve,top_1000
9/21/2023,20:32,13382,Counter-Strike,11/1/2000,Valve,Valve,top_1000
9/21/2023,20:33,13382,Counter-Strike,11/1/2000,Valve,Valve,top_1000
9/21/2023,20:34,13382,Counter-Strike,11/1/2000,Valve,Valve,top_1000
9/21/2023,20:35,13382,Counter-Strike,11/1/2000,Valve,Valve,top_1000
9/21/2023,20:36,13382,Counter-Strike,11/1/2000,Valve,Valve,top_1000
9/21/2023,20:37,13690,Counter-Strike,11/1/2000,Valve,Valve,top_1000
9/21/2023,20:38,13690,Counter-Strike,11/1/2000,Valve,Valve,top_1000
9/21/2023,20:39,13690,Counter-Strike,11/1/2000,Valve,Valve,top_1000
9/21/2023,20:40,13690,Counter-Strike,11/1/2000,Valve,Valve,top_1000
9/21/2023,20:41,13690,Counter-Strike,11/1/2000,Valve,Valve,top_1000
9/21/2023,20:42,13794,Counter-Strike,11/1/2000,Valve,Valve,top_1000
9/21/2023,20:43,13794,Counter-Strike,11/1/2000,Valve,Valve,top_1000
9/21/2023,20:44,13794,Counter-Strike,11/1/2000,Valve,Valve,top_1000
9/21/2023,20:45,13794,Counter-Strike,11/1/2000,Valve,Valve,top_1000
9/21/2023,20:46,13794,Counter-Strike,11/1/2000,Valve,Valve,top_1000
9/21/2023,20:47,14006,Counter-Strike,11/1/2000,Valve,Valve,top_1000
9/21/2023,20:48,14006,Counter-Strike,11/1/2000,Valve,Valve,top_1000
9/21/2023,20:49,14006,Counter-Strike,11/1/2000,Valve,Valve,top_1000
9/21/2023,20:50,14006,Counter-Strike,11/1/2000,Valve,Valve,top_1000
9/21/2023,20:51,14006,Counter-Strike,11/1/2000,Valve,Valve,top_1000
9/21/2023,20:52,14224,Counter-Strike,11/1/2000,Valve,Valve,top_1000
9/21/2023,20:53,14224,Counter-Strike,11/1/2000,Valve,Valve,top_1000
9/21/2023,20:54,14224,Counter-Strike,11/1/2000,Valve,Valve,top_1000
9/21/2023,20:55,14224,Counter-Strike,11/1/2000,Valve,Valve,top_1000
9/21/2023,20:56,14224,Counter-Strike,11/1/2000,Valve,Valve,top_1000
9/21/2023,20:57,14432,Counter-Strike,11/1/2000,Valve,Valve,top_1000
9/21/2023,20:58,14432,Counter-Strike,11/1/2000,Valve,Valve,top_1000
9/21/2023,20:59,14432,Counter-Strike,11/1/2000,Valve,Valve,top_1000
9/21/2023,21:00,14432,Counter-Strike,11/1/2000,Valve,Valve,top_1000
9/21/2023,21:01,14432,Counter-Strike,11/1/2000,Valve,Valve,top_1000
9/21/2023,21:02,14569,Counter-Strike,11/1/2000,Valve,Valve,top_1000
9/21/2023,21:03,14569,Counter-Strike,11/1/2000,Valve,Valve,top_1000
9/21/2023,21:04,14569,Counter-Strike,11/1/2000,Valve,Valve,top_1000
9/21/2023,21:05,14569,Counter-Strike,11/1/2000,Valve,Valve,top_1000
9/21/2023,21:06,14569,Counter-Strike,11/1/2000,Valve,Valve,top_1000
9/21/2023,21:07,14717,Counter-Strike,11/1/2000,Valve,Valve,top_1000
9/21/2023,21:08,14717,Counter-Strike,11/1/2000,Valve,Valve,top_1000
9/21/2023,21:09,14717,Counter-Strike,11/1/2000,Valve,Valve,top_1000
9/21/2023,21:10,14717,Counter-Strike,11/1/2000,Valve,Valve,top_1000
9/21/2023,21:11,14717,Counter-Strike,11/1/2000,Valve,Valve,top_1000
9/21/2023,21:12,14893,Counter-Strike,11/1/2000,Valve,Valve,top_1000
9/21/2023,21:13,14893,Counter-Strike,11/1/2000,Valve,Valve,top_1000
9/21/2023,21:14,14893,Counter-Strike,11/1/2000,Valve,Valve,top_1000
9/21/2023,21:15,14893,Counter-Strike,11/1/2000,Valve,Valve,top_1000
9/21/2023,21:16,14893,Counter-Strike,11/1/2000,Valve,Valve,top_1000
9/21/2023,21:17,15121,Counter-Strike,11/1/2000,Valve,Valve,top_1000
9/21/2023,21:18,15121,Counter-Strike,11/1/2000,Valve,Valve,top_1000
9/21/2023,21:19,15121,Counter-Strike,11/1/2000,Valve,Valve,top_1000
9/21/2023,21:20,15121,Counter-Strike,11/1/2000,Valve,Valve,top_1000
9/21/2023,21:21,15121,Counter-Strike,11/1/2000,Valve,Valve,top_1000
9/21/2023,21:22,15257,Counter-Strike,11/1/2000,Valve,Valve,top_1000
9/21/2023,21:23,15257,Counter-Strike,11/1/2000,Valve,Valve,top_1000
9/21/2023,21:24,15257,Counter-Strike,11/1/2000,Valve,Valve,top_1000
9/21/2023,21:25,15257,Counter-Strike,11/1/2000,Valve,Valve,top_1000
9/21/2023,21:26,15257,Counter-Strike,11/1/2000,Valve,Valve,top_1000
9/21/2023,21:27,15442,Counter-Strike,11/1/2000,Valve,Valve,top_1000
9/21/2023,21:28,15442,Counter-Strike,11/1/2000,Valve,Valve,top_1000
9/21/2023,21:29,15442,Counter-Strike,11/1/2000,Valve,Valve,top_1000
9/21/2023,21:30,15442,Counter-Strike,11/1/2000,Valve,Valve,top_1000
9/21/2023,21:31,15442,Counter-Strike,11/1/2000,Valve,Valve,top_1000
9/21/2023,21:32,15667,Counter-Strike,11/1/2000,Valve,Valve,top_1000
9/21/2023,21:33,15667,Counter-Strike,11/1/2000,Valve,Valve,top_1000
9/21/2023,21:34,15667,Counter-Strike,11/1/2000,Valve,Valve,top_1000
9/21/2023,21:35,15667,Counter-Strike,11/1/2000,Valve,Valve,top_1000
9/21/2023,21:36,15667,Counter-Strike,11/1/2000,Valve,Valve,top_1000
9/21/2023,21:37,15841,Counter-Strike,11/1/2000,Valve,Valve,top_1000
9/21/2023,21:38,15841,Counter-Strike,11/1/2000,Valve,Valve,top_1000
9/21/2023,21:39,15841,Counter-Strike,11/1/2000,Valve,Valve,top_1000
9/21/2023,21:40,15841,Counter-Strike,11/1/2000,Valve,Valve,top_1000
9/21/2023,21:41,15841,Counter-Strike,11/1/2000,Valve,Valve,top_1000
9/21/2023,21:42,16002,Counter-Strike,11/1/2000,Valve,Valve,top_1000
9/21/2023,21:43,16002,Counter-Strike,11/1/2000,Valve,Valve,top_1000
9/21/2023,21:44,16002,Counter-Strike,11/1/2000,Valve,Valve,top_1000
9/21/2023,21:45,16002,Counter-Strike,11/1/2000,Valve,Valve,top_1000
9/21/2023,21:46,16002,Counter-Strike,11/1/2000,Valve,Valve,top_1000
9/21/2023,21:47,16212,Counter-Strike,11/1/2000,Valve,Valve,top_1000
9/21/2023,21:48,16212,Counter-Strike,11/1/2000,Valve,Valve,top_1000
9/21/2023,21:49,16212,Counter-Strike,11/1/2000,Valve,Valve,top_1000
9/21/2023,21:50,16212,Counter-Strike,11/1/2000,Valve,Valve,top_1000
9/21/2023,21:51,16212,Counter-Strike,11/1/2000,Valve,Valve,top_1000
9/21/2023,21:52,16457,Counter-Strike,11/1/2000,Valve,Valve,top_1000
9/21/2023,21:53,16457,Counter-Strike,11/1/2000,Valve,Valve,top_1000
9/21/2023,21:54,16457,Counter-Strike,11/1/2000,Valve,Valve,top_1000
9/21/2023,21:55,16457,Counter-Strike,11/1/2000,Valve,Valve,top_1000
9/21/2023,21:56,16457,Counter-Strike,11/1/2000,Valve,Valve,top_1000
9/21/2023,21:57,16674,Counter-Strike,11/1/2000,Valve,Valve,top_1000
9/21/2023,21:58,16674,Counter-Strike,11/1/2000,Valve,Valve,top_1000
9/21/2023,21:59,16674,Counter-Strike,11/1/2000,Valve,Valve,top_1000
9/21/2023,22:00,16674,Counter-Strike,11/1/2000,Valve,Valve,top_1000
9/21/2023,22:01,16674,Counter-Strike,11/1/2000,Valve,Valve,top_1000
9/21/2023,22:02,16745,Counter-Strike,11/1/2000,Valve,Valve,top_1000
9/21/2023,22:03,16745,Counter-Strike,11/1/2000,Valve,Valve,top_1000
9/21/2023,22:04,16745,Counter-Strike,11/1/2000,Valve,Valve,top_1000
9/21/2023,22:05,16745,Counter-Strike,11/1/2000,Valve,Valve,top_1000
9/21/2023,22:06,16745,Counter-Strike,11/1/2000,Valve,Valve,top_1000
9/21/2023,22:07,16883,Counter-Strike,11/1/2000,Valve,Valve,top_1000
9/21/2023,22:08,16883,Counter-Strike,11/1/2000,Valve,Valve,top_1000
9/21/2023,22:09,16883,Counter-Strike,11/1/2000,Valve,Valve,top_1000
9/21/2023,22:10,16883,Counter-Strike,11/1/2000,Valve,Valve,top_1000
9/21/2023,22:11,16883,Counter-Strike,11/1/2000,Valve,Valve,top_1000
9/21/2023,22:12,17035,Counter-Strike,11/1/2000,Valve,Valve,top_1000
9/21/2023,22:13,17035,Counter-Strike,11/1/2000,Valve,Valve,top_1000
9/21/2023,22:14,17035,Counter-Strike,11/1/2000,Valve,Valve,top_1000
9/21/2023,22:15,17035,Counter-Strike,11/1/2000,Valve,Valve,top_1000
9/21/2023,22:16,17035,Counter-Strike,11/1/2000,Valve,Valve,top_1000
9/21/2023,22:17,17188,Counter-Strike,11/1/2000,Valve,Valve,top_1000
9/21/2023,22:18,17188,Counter-Strike,11/1/2000,Valve,Valve,top_1000
9/21/2023,22:19,17188,Counter-Strike,11/1/2000,Valve,Valve,top_1000
9/21/2023,22:20,17188,Counter-Strike,11/1/2000,Valve,Valve,top_1000
9/21/2023,22:21,17188,Counter-Strike,11/1/2000,Valve,Valve,top_1000
9/21/2023,22:22,17365,Counter-Strike,11/1/2000,Valve,Valve,top_1000
9/21/2023,22:23,17365,Counter-Strike,11/1/2000,Valve,Valve,top_1000
9/21/2023,22:24,17365,Counter-Strike,11/1/2000,Valve,Valve,top_1000
9/21/2023,22:25,17365,Counter-Strike,11/1/2000,Valve,Valve,top_1000
9/21/2023,22:26,17365,Counter-Strike,11/1/2000,Valve,Valve,top_1000
9/21/2023,22:27,17477,Counter-Strike,11/1/2000,Valve,Valve,top_1000
9/21/2023,22:28,17477,Counter-Strike,11/1/2000,Valve,Valve,top_1000
9/21/2023,22:29,17477,Counter-Strike,11/1/2000,Valve,Valve,top_1000
9/21/2023,22:30,17477,Counter-Strike,11/1/2000,Valve,Valve,top_1000
9/21/2023,22:31,17477,Counter-Strike,11/1/2000,Valve,Valve,top_1000
9/21/2023,22:32,17637,Counter-Strike,11/1/2000,Valve,Valve,top_1000
9/21/2023,22:33,17637,Counter-Strike,11/1/2000,Valve,Valve,top_1000
9/21/2023,22:34,17637,Counter-Strike,11/1/2000,Valve,Valve,top_1000
9/21/2023,22:35,17637,Counter-Strike,11/1/2000,Valve,Valve,top_1000
9/21/2023,22:36,17637,Counter-Strike,11/1/2000,Valve,Valve,top_1000
9/21/2023,22:37,17759,Counter-Strike,11/1/2000,Valve,Valve,top_1000
9/21/2023,22:38,17759,Counter-Strike,11/1/2000,Valve,Valve,top_1000
9/21/2023,22:39,17759,Counter-Strike,11/1/2000,Valve,Valve,top_1000
9/21/2023,22:40,17759,Counter-Strike,11/1/2000,Valve,Valve,top_1000
9/21/2023,22:41,17759,Counter-Strike,11/1/2000,Valve,Valve,top_1000
9/21/2023,22:42,17909,Counter-Strike,11/1/2000,Valve,Valve,top_1000
9/21/2023,22:43,17909,Counter-Strike,11/1/2000,Valve,Valve,top_1000
9/21/2023,22:44,17909,Counter-Strike,11/1/2000,Valve,Valve,top_1000
9/21/2023,22:45,17909,Counter-Strike,11/1/2000,Valve,Valve,top_1000
9/21/2023,22:46,17909,Counter-Strike,11/1/2000,Valve,Valve,top_1000
9/21/2023,22:47,17979,Counter-Strike,11/1/2000,Valve,Valve,top_1000
9/21/2023,22:48,17979,Counter-Strike,11/1/2000,Valve,Valve,top_1000
9/21/2023,22:49,17979,Counter-Strike,11/1/2000,Valve,Valve,top_1000
9/21/2023,22:50,17979,Counter-Strike,11/1/2000,Valve,Valve,top_1000
9/21/2023,22:51,17979,Counter-Strike,11/1/2000,Valve,Valve,top_1000
9/21/2023,22:52,18135,Counter-Strike,11/1/2000,Valve,Valve,top_1000
9/21/2023,22:53,18135,Counter-Strike,11/1/2000,Valve,Valve,top_1000
9/21/2023,22:54,18135,Counter-Strike,11/1/2000,Valve,Valve,top_1000
9/21/2023,22:55,18135,Counter-Strike,11/1/2000,Valve,Valve,top_1000
9/21/2023,22:56,18135,Counter-Strike,11/1/2000,Valve,Valve,top_1000
9/21/2023,22:57,18312,Counter-Strike,11/1/2000,Valve,Valve,top_1000
9/21/2023,22:58,18312,Counter-Strike,11/1/2000,Valve,Valve,top_1000
9/21/2023,22:59,18312,Counter-Strike,11/1/2000,Valve,Valve,top_1000
9/21/2023,23:00,18312,Counter-Strike,11/1/2000,Valve,Valve,top_1000
9/21/2023,23:01,18312,Counter-Strike,11/1/2000,Valve,Valve,top_1000
9/21/2023,23:02,18510,Counter-Strike,11/1/2000,Valve,Valve,top_1000
9/21/2023,23:03,18510,Counter-Strike,11/1/2000,Valve,Valve,top_1000
9/21/2023,23:04,18510,Counter-Strike,11/1/2000,Valve,Valve,top_1000
9/21/2023,23:05,18510,Counter-Strike,11/1/2000,Valve,Valve,top_1000
9/21/2023,23:06,18510,Counter-Strike,11/1/2000,Valve,Valve,top_1000
9/21/2023,23:07,18597,Counter-Strike,11/1/2000,Valve,Valve,top_1000
9/21/2023,23:08,18597,Counter-Strike,11/1/2000,Valve,Valve,top_1000
9/21/2023,23:09,18597,Counter-Strike,11/1/2000,Valve,Valve,top_1000
9/21/2023,23:10,18597,Counter-Strike,11/1/2000,Valve,Valve,top_1000
9/21/2023,23:11,18597,Counter-Strike,11/1/2000,Valve,Valve,top_1000
9/21/2023,23:12,18809,Counter-Strike,11/1/2000,Valve,Valve,top_1000
9/21/2023,23:13,18809,Counter-Strike,11/1/2000,Valve,Valve,top_1000
9/21/2023,23:14,18809,Counter-Strike,11/1/2000,Valve,Valve,top_1000
9/21/2023,23:15,18809,Counter-Strike,11/1/2000,Valve,Valve,top_1000
9/21/2023,23:16,18809,Counter-Strike,11/1/2000,Valve,Valve,top_1000
9/21/2023,23:17,18984,Counter-Strike,11/1/2000,Valve,Valve,top_1000
9/21/2023,23:18,18984,Counter-Strike,11/1/2000,Valve,Valve,top_1000
9/21/2023,23:19,18984,Counter-Strike,11/1/2000,Valve,Valve,top_1000
9/21/2023,23:20,18984,Counter-Strike,11/1/2000,Valve,Valve,top_1000
9/21/2023,23:21,18984,Counter-Strike,11/1/2000,Valve,Valve,top_1000
9/21/2023,23:22,19075,Counter-Strike,11/1/2000,Valve,Valve,top_1000
9/21/2023,23:23,19075,Counter-Strike,11/1/2000,Valve,Valve,top_1000
9/21/2023,23:24,19075,Counter-Strike,11/1/2000,Valve,Valve,top_1000
9/21/2023,23:25,19075,Counter-Strike,11/1/2000,Valve,Valve,top_1000
9/21/2023,23:26,19075,Counter-Strike,11/1/2000,Valve,Valve,top_1000
9/21/2023,23:27,19131,Counter-Strike,11/1/2000,Valve,Valve,top_1000
9/21/2023,23:28,19131,Counter-Strike,11/1/2000,Valve,Valve,top_1000
9/21/2023,23:29,19131,Counter-Strike,11/1/2000,Valve,Valve,top_1000
9/21/2023,23:30,19131,Counter-Strike,11/1/2000,Valve,Valve,top_1000
9/21/2023,23:31,19131,Counter-Strike,11/1/2000,Valve,Valve,top_1000
9/21/2023,23:32,0,Counter-Strike,11/1/2000,Valve,Valve,top_1000
9/21/2023,23:33,0,Counter-Strike,11/1/2000,Valve,Valve,top_1000
9/21/2023,23:34,0,Counter-Strike,11/1/2000,Valve,Valve,top_1000
9/21/2023,23:35,0,Counter-Strike,11/1/2000,Valve,Valve,top_1000
9/21/2023,23:36,0,Counter-Strike,11/1/2000,Valve,Valve,top_1000
9/21/2023,23:37,19536,Counter-Strike,11/1/2000,Valve,Valve,top_1000
9/21/2023,23:38,19536,Counter-Strike,11/1/2000,Valve,Valve,top_1000
9/21/2023,23:39,19536,Counter-Strike,11/1/2000,Valve,Valve,top_1000
9/21/2023,23:40,19536,Counter-Strike,11/1/2000,Valve,Valve,top_1000
9/21/2023,23:41,19536,Counter-Strike,11/1/2000,Valve,Valve,top_1000
9/21/2023,23:42,19710,Counter-Strike,11/1/2000,Valve,Valve,top_1000
9/21/2023,23:43,19710,Counter-Strike,11/1/2000,Valve,Valve,top_1000
9/21/2023,23:44,19710,Counter-Strike,11/1/2000,Valve,Valve,top_1000
9/21/2023,23:45,19710,Counter-Strike,11/1/2000,Valve,Valve,top_1000
9/21/2023,23:46,19710,Counter-Strike,11/1/2000,Valve,Valve,top_1000
9/21/2023,23:47,19891,Counter-Strike,11/1/2000,Valve,Valve,top_1000
9/21/2023,23:48,19891,Counter-Strike,11/1/2000,Valve,Valve,top_1000
9/21/2023,23:49,19891,Counter-Strike,11/1/2000,Valve,Valve,top_1000
9/21/2023,23:50,19891,Counter-Strike,11/1/2000,Valve,Valve,top_1000
9/21/2023,23:51,19891,Counter-Strike,11/1/2000,Valve,Valve,top_1000
9/21/2023,23:52,20029,Counter-Strike,11/1/2000,Valve,Valve,top_1000
9/21/2023,23:53,20029,Counter-Strike,11/1/2000,Valve,Valve,top_1000
9/21/2023,23:54,20029,Counter-Strike,11/1/2000,Valve,Valve,top_1000
9/21/2023,23:55,20029,Counter-Strike,11/1/2000,Valve,Valve,top_1000
9/21/2023,23:56,20029,Counter-Strike,11/1/2000,Valve,Valve,top_1000
9/21/2023,23:57,20134,Counter-Strike,11/1/2000,Valve,Valve,top_1000
9/21/2023,23:58,20134,Counter-Strike,11/1/2000,Valve,Valve,top_1000
9/21/2023,23:59,20134,Counter-Strike,11/1/2000,Valve,Valve,top_1000
9/22/2023,0:00,20134,Counter-Strike,11/1/2000,Valve,Valve,top_1000
9/22/2023,0:01,20134,Counter-Strike,11/1/2000,Valve,Valve,top_1000
9/22/2023,0:02,20232,Counter-Strike,11/1/2000,Valve,Valve,top_1000
9/22/2023,0:03,20232,Counter-Strike,11/1/2000,Valve,Valve,top_1000
9/22/2023,0:04,20232,Counter-Strike,11/1/2000,Valve,Valve,top_1000
9/22/2023,0:05,20232,Counter-Strike,11/1/2000,Valve,Valve,top_1000
9/22/2023,0:06,20232,Counter-Strike,11/1/2000,Valve,Valve,top_1000
9/22/2023,0:07,20252,Counter-Strike,11/1/2000,Valve,Valve,top_1000
9/22/2023,0:08,20252,Counter-Strike,11/1/2000,Valve,Valve,top_1000
9/22/2023,0:09,20252,Counter-Strike,11/1/2000,Valve,Valve,top_1000
9/22/2023,0:10,20252,Counter-Strike,11/1/2000,Valve,Valve,top_1000
9/22/2023,0:11,20252,Counter-Strike,11/1/2000,Valve,Valve,top_1000
9/22/2023,0:12,20371,Counter-Strike,11/1/2000,Valve,Valve,top_1000
9/22/2023,0:13,20371,Counter-Strike,11/1/2000,Valve,Valve,top_1000
9/22/2023,0:14,20371,Counter-Strike,11/1/2000,Valve,Valve,top_1000
9/22/2023,0:15,20371,Counter-Strike,11/1/2000,Valve,Valve,top_1000
9/22/2023,0:16,20371,Counter-Strike,11/1/2000,Valve,Valve,top_1000
9/22/2023,0:17,20486,Counter-Strike,11/1/2000,Valve,Valve,top_1000
9/22/2023,0:18,20486,Counter-Strike,11/1/2000,Valve,Valve,top_1000
9/22/2023,0:19,20486,Counter-Strike,11/1/2000,Valve,Valve,top_1000
9/22/2023,0:20,20486,Counter-Strike,11/1/2000,Valve,Valve,top_1000
9/22/2023,0:21,20486,Counter-Strike,11/1/2000,Valve,Valve,top_1000
9/22/2023,0:22,20603,Counter-Strike,11/1/2000,Valve,Valve,top_1000
9/22/2023,0:23,20603,Counter-Strike,11/1/2000,Valve,Valve,top_1000
9/22/2023,0:24,20603,Counter-Strike,11/1/2000,Valve,Valve,top_1000
9/22/2023,0:25,20603,Counter-Strike,11/1/2000,Valve,Valve,top_1000
9/22/2023,0:26,20603,Counter-Strike,11/1/2000,Valve,Valve,top_1000
9/22/2023,0:27,20701,Counter-Strike,11/1/2000,Valve,Valve,top_1000
9/22/2023,0:28,20701,Counter-Strike,11/1/2000,Valve,Valve,top_1000
9/22/2023,0:29,20701,Counter-Strike,11/1/2000,Valve,Valve,top_1000
9/22/2023,0:30,20701,Counter-Strike,11/1/2000,Valve,Valve,top_1000
9/22/2023,0:31,20701,Counter-Strike,11/1/2000,Valve,Valve,top_1000
9/22/2023,0:32,20721,Counter-Strike,11/1/2000,Valve,Valve,top_1000
9/22/2023,0:33,20721,Counter-Strike,11/1/2000,Valve,Valve,top_1000
9/22/2023,0:34,20721,Counter-Strike,11/1/2000,Valve,Valve,top_1000
9/22/2023,0:35,20721,Counter-Strike,11/1/2000,Valve,Valve,top_1000
9/22/2023,0:36,20721,Counter-Strike,11/1/2000,Valve,Valve,top_1000
9/22/2023,0:37,20894,Counter-Strike,11/1/2000,Valve,Valve,top_1000
9/22/2023,0:38,20894,Counter-Strike,11/1/2000,Valve,Valve,top_1000
9/22/2023,0:39,20894,Counter-Strike,11/1/2000,Valve,Valve,top_1000
9/22/2023,0:40,20894,Counter-Strike,11/1/2000,Valve,Valve,top_1000
9/22/2023,0:41,20894,Counter-Strike,11/1/2000,Valve,Valve,top_1000
9/22/2023,0:42,20953,Counter-Strike,11/1/2000,Valve,Valve,top_1000
9/22/2023,0:43,20953,Counter-Strike,11/1/2000,Valve,Valve,top_1000
9/22/2023,0:44,20953,Counter-Strike,11/1/2000,Valve,Valve,top_1000
9/22/2023,0:45,20953,Counter-Strike,11/1/2000,Valve,Valve,top_1000
9/22/2023,0:46,20953,Counter-Strike,11/1/2000,Valve,Valve,top_1000
9/22/2023,0:47,21031,Counter-Strike,11/1/2000,Valve,Valve,top_1000
9/22/2023,0:48,21031,Counter-Strike,11/1/2000,Valve,Valve,top_1000
9/22/2023,0:49,21031,Counter-Strike,11/1/2000,Valve,Valve,top_1000
9/22/2023,0:50,21031,Counter-Strike,11/1/2000,Valve,Valve,top_1000
9/22/2023,0:51,21031,Counter-Strike,11/1/2000,Valve,Valve,top_1000
9/22/2023,0:52,21208,Counter-Strike,11/1/2000,Valve,Valve,top_1000
9/22/2023,0:53,21208,Counter-Strike,11/1/2000,Valve,Valve,top_1000
9/22/2023,0:54,21208,Counter-Strike,11/1/2000,Valve,Valve,top_1000
9/22/2023,0:55,21208,Counter-Strike,11/1/2000,Valve,Valve,top_1000
9/22/2023,0:56,21208,Counter-Strike,11/1/2000,Valve,Valve,top_1000
9/22/2023,0:57,21383,Counter-Strike,11/1/2000,Valve,Valve,top_1000
9/22/2023,0:58,21383,Counter-Strike,11/1/2000,Valve,Valve,top_1000
9/22/2023,0:59,21383,Counter-Strike,11/1/2000,Valve,Valve,top_1000
9/22/2023,1:00,21383,Counter-Strike,11/1/2000,Valve,Valve,top_1000
9/22/2023,1:01,21383,Counter-Strike,11/1/2000,Valve,Valve,top_1000
9/22/2023,1:02,21441,Counter-Strike,11/1/2000,Valve,Valve,top_1000
9/22/2023,1:03,21441,Counter-Strike,11/1/2000,Valve,Valve,top_1000
9/22/2023,1:04,21441,Counter-Strike,11/1/2000,Valve,Valve,top_1000
9/22/2023,1:05,21441,Counter-Strike,11/1/2000,Valve,Valve,top_1000
9/22/2023,1:06,21441,Counter-Strike,11/1/2000,Valve,Valve,top_1000
9/22/2023,1:07,21470,Counter-Strike,11/1/2000,Valve,Valve,top_1000
9/22/2023,1:08,21470,Counter-Strike,11/1/2000,Valve,Valve,top_1000
9/22/2023,1:09,21470,Counter-Strike,11/1/2000,Valve,Valve,top_1000
9/22/2023,1:10,21470,Counter-Strike,11/1/2000,Valve,Valve,top_1000
9/22/2023,1:11,21470,Counter-Strike,11/1/2000,Valve,Valve,top_1000
9/22/2023,1:12,21657,Counter-Strike,11/1/2000,Valve,Valve,top_1000
9/22/2023,1:13,21657,Counter-Strike,11/1/2000,Valve,Valve,top_1000
9/22/2023,1:14,21657,Counter-Strike,11/1/2000,Valve,Valve,top_1000
9/22/2023,1:15,21657,Counter-Strike,11/1/2000,Valve,Valve,top_1000
9/22/2023,1:16,21657,Counter-Strike,11/1/2000,Valve,Valve,top_1000
9/22/2023,1:17,21702,Counter-Strike,11/1/2000,Valve,Valve,top_1000
9/22/2023,1:18,21702,Counter-Strike,11/1/2000,Valve,Valve,top_1000
9/22/2023,1:19,21702,Counter-Strike,11/1/2000,Valve,Valve,top_1000
9/22/2023,1:20,21702,Counter-Strike,11/1/2000,Valve,Valve,top_1000
9/22/2023,1:21,21702,Counter-Strike,11/1/2000,Valve,Valve,top_1000
9/22/2023,1:22,21778,Counter-Strike,11/1/2000,Valve,Valve,top_1000
9/22/2023,1:23,21778,Counter-Strike,11/1/2000,Valve,Valve,top_1000
9/22/2023,1:24,21778,Counter-Strike,11/1/2000,Valve,Valve,top_1000
9/22/2023,1:25,21778,Counter-Strike,11/1/2000,Valve,Valve,top_1000
9/22/2023,1:26,21778,Counter-Strike,11/1/2000,Valve,Valve,top_1000
9/22/2023,1:27,0,Counter-Strike,11/1/2000,Valve,Valve,top_1000
9/22/2023,1:28,0,Counter-Strike,11/1/2000,Valve,Valve,top_1000
9/22/2023,1:29,0,Counter-Strike,11/1/2000,Valve,Valve,top_1000
9/22/2023,1:30,0,Counter-Strike,11/1/2000,Valve,Valve,top_1000
9/22/2023,1:31,0,Counter-Strike,11/1/2000,Valve,Valve,top_1000
9/22/2023,1:32,21936,Counter-Strike,11/1/2000,Valve,Valve,top_1000
9/22/2023,1:33,21936,Counter-Strike,11/1/2000,Valve,Valve,top_1000
9/22/2023,1:34,21936,Counter-Strike,11/1/2000,Valve,Valve,top_1000
9/22/2023,1:35,21936,Counter-Strike,11/1/2000,Valve,Valve,top_1000
9/22/2023,1:36,21936,Counter-Strike,11/1/2000,Valve,Valve,top_1000
9/22/2023,1:37,22010,Counter-Strike,11/1/2000,Valve,Valve,top_1000
9/22/2023,1:38,22010,Counter-Strike,11/1/2000,Valve,Valve,top_1000
9/22/2023,1:39,22010,Counter-Strike,11/1/2000,Valve,Valve,top_1000
9/22/2023,1:40,22010,Counter-Strike,11/1/2000,Valve,Valve,top_1000
9/22/2023,1:41,22010,Counter-Strike,11/1/2000,Valve,Valve,top_1000
9/22/2023,1:42,22060,Counter-Strike,11/1/2000,Valve,Valve,top_1000
9/22/2023,1:43,22060,Counter-Strike,11/1/2000,Valve,Valve,top_1000
9/22/2023,1:44,22060,Counter-Strike,11/1/2000,Valve,Valve,top_1000
9/22/2023,1:45,22060,Counter-Strike,11/1/2000,Valve,Valve,top_1000
9/22/2023,1:46,22060,Counter-Strike,11/1/2000,Valve,Valve,top_1000
9/22/2023,1:47,22214,Counter-Strike,11/1/2000,Valve,Valve,top_1000
9/22/2023,1:48,22214,Counter-Strike,11/1/2000,Valve,Valve,top_1000
9/22/2023,1:49,22214,Counter-Strike,11/1/2000,Valve,Valve,top_1000
9/22/2023,1:50,22214,Counter-Strike,11/1/2000,Valve,Valve,top_1000
9/22/2023,1:51,22214,Counter-Strike,11/1/2000,Valve,Valve,top_1000
9/22/2023,1:52,22253,Counter-Strike,11/1/2000,Valve,Valve,top_1000
9/22/2023,1:53,22253,Counter-Strike,11/1/2000,Valve,Valve,top_1000
9/22/2023,1:54,22253,Counter-Strike,11/1/2000,Valve,Valve,top_1000
9/22/2023,1:55,22253,Counter-Strike,11/1/2000,Valve,Valve,top_1000
9/22/2023,1:56,22253,Counter-Strike,11/1/2000,Valve,Valve,top_1000
9/22/2023,1:57,22424,Counter-Strike,11/1/2000,Valve,Valve,top_1000
9/22/2023,1:58,22424,Counter-Strike,11/1/2000,Valve,Valve,top_1000
9/22/2023,1:59,22424,Counter-Strike,11/1/2000,Valve,Valve,top_1000
9/22/2023,2:00,22424,Counter-Strike,11/1/2000,Valve,Valve,top_1000
9/22/2023,2:01,22424,Counter-Strike,11/1/2000,Valve,Valve,top_1000
9/22/2023,2:02,22514,Counter-Strike,11/1/2000,Valve,Valve,top_1000
9/22/2023,2:03,22514,Counter-Strike,11/1/2000,Valve,Valve,top_1000
9/22/2023,2:04,22514,Counter-Strike,11/1/2000,Valve,Valve,top_1000
9/22/2023,2:05,22514,Counter-Strike,11/1/2000,Valve,Valve,top_1000
9/22/2023,2:06,22514,Counter-Strike,11/1/2000,Valve,Valve,top_1000
9/22/2023,2:07,22610,Counter-Strike,11/1/2000,Valve,Valve,top_1000
9/22/2023,2:08,22610,Counter-Strike,11/1/2000,Valve,Valve,top_1000
9/22/2023,2:09,22610,Counter-Strike,11/1/2000,Valve,Valve,top_1000
9/22/2023,2:10,22610,Counter-Strike,11/1/2000,Valve,Valve,top_1000
9/22/2023,2:11,22610,Counter-Strike,11/1/2000,Valve,Valve,top_1000
9/22/2023,2:12,22624,Counter-Strike,11/1/2000,Valve,Valve,top_1000
9/22/2023,2:13,22624,Counter-Strike,11/1/2000,Valve,Valve,top_1000
9/22/2023,2:14,22624,Counter-Strike,11/1/2000,Valve,Valve,top_1000
9/22/2023,2:15,22624,Counter-Strike,11/1/2000,Valve,Valve,top_1000
9/22/2023,2:16,22624,Counter-Strike,11/1/2000,Valve,Valve,top_1000
9/22/2023,2:17,22733,Counter-Strike,11/1/2000,Valve,Valve,top_1000
9/22/2023,2:18,22733,Counter-Strike,11/1/2000,Valve,Valve,top_1000
9/22/2023,2:19,22733,Counter-Strike,11/1/2000,Valve,Valve,top_1000
9/22/2023,2:20,22733,Counter-Strike,11/1/2000,Valve,Valve,top_1000
9/22/2023,2:21,22733,Counter-Strike,11/1/2000,Valve,Valve,top_1000
9/22/2023,2:22,22911,Counter-Strike,11/1/2000,Valve,Valve,top_1000
9/22/2023,2:23,22911,Counter-Strike,11/1/2000,Valve,Valve,top_1000
9/22/2023,2:24,22911,Counter-Strike,11/1/2000,Valve,Valve,top_1000
9/22/2023,2:25,22911,Counter-Strike,11/1/2000,Valve,Valve,top_1000
9/22/2023,2:26,22911,Counter-Strike,11/1/2000,Valve,Valve,top_1000
9/22/2023,2:27,22974,Counter-Strike,11/1/2000,Valve,Valve,top_1000
9/22/2023,2:28,22974,Counter-Strike,11/1/2000,Valve,Valve,top_1000
9/22/2023,2:29,22974,Counter-Strike,11/1/2000,Valve,Valve,top_1000
9/22/2023,2:30,22974,Counter-Strike,11/1/2000,Valve,Valve,top_1000
9/22/2023,2:31,22974,Counter-Strike,11/1/2000,Valve,Valve,top_1000
9/22/2023,2:32,23053,Counter-Strike,11/1/2000,Valve,Valve,top_1000
9/22/2023,2:33,23053,Counter-Strike,11/1/2000,Valve,Valve,top_1000
9/22/2023,2:34,23053,Counter-Strike,11/1/2000,Valve,Valve,top_1000
9/22/2023,2:35,23053,Counter-Strike,11/1/2000,Valve,Valve,top_1000
9/22/2023,2:36,23053,Counter-Strike,11/1/2000,Valve,Valve,top_1000
9/22/2023,2:37,22970,Counter-Strike,11/1/2000,Valve,Valve,top_1000
9/22/2023,2:38,22970,Counter-Strike,11/1/2000,Valve,Valve,top_1000
9/22/2023,2:39,22970,Counter-Strike,11/1/2000,Valve,Valve,top_1000
9/22/2023,2:40,22970,Counter-Strike,11/1/2000,Valve,Valve,top_1000
9/22/2023,2:41,22970,Counter-Strike,11/1/2000,Valve,Valve,top_1000
9/22/2023,2:42,23125,Counter-Strike,11/1/2000,Valve,Valve,top_1000
9/22/2023,2:43,23125,Counter-Strike,11/1/2000,Valve,Valve,top_1000
9/22/2023,2:44,23125,Counter-Strike,11/1/2000,Valve,Valve,top_1000
9/22/2023,2:45,23125,Counter-Strike,11/1/2000,Valve,Valve,top_1000
9/22/2023,2:46,23125,Counter-Strike,11/1/2000,Valve,Valve,top_1000
9/22/2023,2:47,23288,Counter-Strike,11/1/2000,Valve,Valve,top_1000
9/22/2023,2:48,23288,Counter-Strike,11/1/2000,Valve,Valve,top_1000
9/22/2023,2:49,23288,Counter-Strike,11/1/2000,Valve,Valve,top_1000
9/22/2023,2:50,23288,Counter-Strike,11/1/2000,Valve,Valve,top_1000
9/22/2023,2:51,23288,Counter-Strike,11/1/2000,Valve,Valve,top_1000
9/22/2023,2:52,23405,Counter-Strike,11/1/2000,Valve,Valve,top_1000
9/22/2023,2:53,23405,Counter-Strike,11/1/2000,Valve,Valve,top_1000
9/22/2023,2:54,23405,Counter-Strike,11/1/2000,Valve,Valve,top_1000
9/22/2023,2:55,23405,Counter-Strike,11/1/2000,Valve,Valve,top_1000
9/22/2023,2:56,23405,Counter-Strike,11/1/2000,Valve,Valve,top_1000
9/22/2023,2:57,23464,Counter-Strike,11/1/2000,Valve,Valve,top_1000
9/22/2023,2:58,23464,Counter-Strike,11/1/2000,Valve,Valve,top_1000
9/22/2023,2:59,23464,Counter-Strike,11/1/2000,Valve,Valve,top_1000
9/22/2023,3:00,23464,Counter-Strike,11/1/2000,Valve,Valve,top_1000
9/22/2023,3:01,23464,Counter-Strike,11/1/2000,Valve,Valve,top_1000
9/22/2023,3:02,23598,Counter-Strike,11/1/2000,Valve,Valve,top_1000
9/22/2023,3:03,23598,Counter-Strike,11/1/2000,Valve,Valve,top_1000
9/22/2023,3:04,23598,Counter-Strike,11/1/2000,Valve,Valve,top_1000
9/22/2023,3:05,23598,Counter-Strike,11/1/2000,Valve,Valve,top_1000
9/22/2023,3:06,23598,Counter-Strike,11/1/2000,Valve,Valve,top_1000
9/22/2023,3:07,23666,Counter-Strike,11/1/2000,Valve,Valve,top_1000
9/22/2023,3:08,23666,Counter-Strike,11/1/2000,Valve,Valve,top_1000
9/22/2023,3:09,23666,Counter-Strike,11/1/2000,Valve,Valve,top_1000
9/22/2023,3:10,23666,Counter-Strike,11/1/2000,Valve,Valve,top_1000
9/22/2023,3:11,23666,Counter-Strike,11/1/2000,Valve,Valve,top_1000
9/22/2023,3:12,23638,Counter-Strike,11/1/2000,Valve,Valve,top_1000
9/22/2023,3:13,23638,Counter-Strike,11/1/2000,Valve,Valve,top_1000
9/22/2023,3:14,23638,Counter-Strike,11/1/2000,Valve,Valve,top_1000
9/22/2023,3:15,23638,Counter-Strike,11/1/2000,Valve,Valve,top_1000
9/22/2023,3:16,23638,Counter-Strike,11/1/2000,Valve,Valve,top_1000
9/22/2023,3:17,23704,Counter-Strike,11/1/2000,Valve,Valve,top_1000
9/22/2023,3:18,23704,Counter-Strike,11/1/2000,Valve,Valve,top_1000
9/22/2023,3:19,23704,Counter-Strike,11/1/2000,Valve,Valve,top_1000
9/22/2023,3:20,23704,Counter-Strike,11/1/2000,Valve,Valve,top_1000
9/22/2023,3:21,23704,Counter-Strike,11/1/2000,Valve,Valve,top_1000
9/22/2023,3:22,23848,Counter-Strike,11/1/2000,Valve,Valve,top_1000
9/22/2023,3:23,23848,Counter-Strike,11/1/2000,Valve,Valve,top_1000
9/22/2023,3:24,23848,Counter-Strike,11/1/2000,Valve,Valve,top_1000
9/22/2023,3:25,23848,Counter-Strike,11/1/2000,Valve,Valve,top_1000
9/22/2023,3:26,23848,Counter-Strike,11/1/2000,Valve,Valve,top_1000
9/22/2023,3:27,23906,Counter-Strike,11/1/2000,Valve,Valve,top_1000
9/22/2023,3:28,23906,Counter-Strike,11/1/2000,Valve,Valve,top_1000
9/22/2023,3:29,23906,Counter-Strike,11/1/2000,Valve,Valve,top_1000
9/22/2023,3:30,23906,Counter-Strike,11/1/2000,Valve,Valve,top_1000
9/22/2023,3:31,23906,Counter-Strike,11/1/2000,Valve,Valve,top_1000
9/22/2023,3:32,24153,Counter-Strike,11/1/2000,Valve,Valve,top_1000
9/22/2023,3:33,24153,Counter-Strike,11/1/2000,Valve,Valve,top_1000
9/22/2023,3:34,24153,Counter-Strike,11/1/2000,Valve,Valve,top_1000
9/22/2023,3:35,24153,Counter-Strike,11/1/2000,Valve,Valve,top_1000
9/22/2023,3:36,24153,Counter-Strike,11/1/2000,Valve,Valve,top_1000
9/22/2023,3:37,24239,Counter-Strike,11/1/2000,Valve,Valve,top_1000
9/22/2023,3:38,24239,Counter-Strike,11/1/2000,Valve,Valve,top_1000
9/22/2023,3:39,24239,Counter-Strike,11/1/2000,Valve,Valve,top_1000
9/22/2023,3:40,24239,Counter-Strike,11/1/2000,Valve,Valve,top_1000
9/22/2023,3:41,24239,Counter-Strike,11/1/2000,Valve,Valve,top_1000
9/22/2023,3:42,24252,Counter-Strike,11/1/2000,Valve,Valve,top_1000
9/22/2023,3:43,24252,Counter-Strike,11/1/2000,Valve,Valve,top_1000
9/22/2023,3:44,24252,Counter-Strike,11/1/2000,Valve,Valve,top_1000
9/22/2023,3:45,24252,Counter-Strike,11/1/2000,Valve,Valve,top_1000
9/22/2023,3:46,24252,Counter-Strike,11/1/2000,Valve,Valve,top_1000
9/22/2023,3:47,24312,Counter-Strike,11/1/2000,Valve,Valve,top_1000
9/22/2023,3:48,24312,Counter-Strike,11/1/2000,Valve,Valve,top_1000
9/22/2023,3:49,24312,Counter-Strike,11/1/2000,Valve,Valve,top_1000
9/22/2023,3:50,24312,Counter-Strike,11/1/2000,Valve,Valve,top_1000
9/22/2023,3:51,24312,Counter-Strike,11/1/2000,Valve,Valve,top_1000
9/22/2023,3:52,24426,Counter-Strike,11/1/2000,Valve,Valve,top_1000
9/22/2023,3:53,24426,Counter-Strike,11/1/2000,Valve,Valve,top_1000
9/22/2023,3:54,24426,Counter-Strike,11/1/2000,Valve,Valve,top_1000
9/22/2023,3:55,24426,Counter-Strike,11/1/2000,Valve,Valve,top_1000
9/22/2023,3:56,24426,Counter-Strike,11/1/2000,Valve,Valve,top_1000
9/22/2023,3:57,24589,Counter-Strike,11/1/2000,Valve,Valve,top_1000
9/22/2023,3:58,24589,Counter-Strike,11/1/2000,Valve,Valve,top_1000
9/22/2023,3:59,24589,Counter-Strike,11/1/2000,Valve,Valve,top_1000
9/22/2023,4:00,24589,Counter-Strike,11/1/2000,Valve,Valve,top_1000
9/22/2023,4:01,24589,Counter-Strike,11/1/2000,Valve,Valve,top_1000
9/22/2023,4:02,24608,Counter-Strike,11/1/2000,Valve,Valve,top_1000
9/22/2023,4:03,24608,Counter-Strike,11/1/2000,Valve,Valve,top_1000
9/22/2023,4:04,24608,Counter-Strike,11/1/2000,Valve,Valve,top_1000
9/22/2023,4:05,24608,Counter-Strike,11/1/2000,Valve,Valve,top_1000
9/22/2023,4:06,24608,Counter-Strike,11/1/2000,Valve,Valve,top_1000
9/22/2023,4:07,24552,Counter-Strike,11/1/2000,Valve,Valve,top_1000
9/22/2023,4:08,24552,Counter-Strike,11/1/2000,Valve,Valve,top_1000
9/22/2023,4:09,24552,Counter-Strike,11/1/2000,Valve,Valve,top_1000
9/22/2023,4:10,24552,Counter-Strike,11/1/2000,Valve,Valve,top_1000
9/22/2023,4:11,24552,Counter-Strike,11/1/2000,Valve,Valve,top_1000
9/22/2023,4:12,24723,Counter-Strike,11/1/2000,Valve,Valve,top_1000
9/22/2023,4:13,24723,Counter-Strike,11/1/2000,Valve,Valve,top_1000
9/22/2023,4:14,24723,Counter-Strike,11/1/2000,Valve,Valve,top_1000
9/22/2023,4:15,24723,Counter-Strike,11/1/2000,Valve,Valve,top_1000
9/22/2023,4:16,24723,Counter-Strike,11/1/2000,Valve,Valve,top_1000
9/22/2023,4:17,24782,Counter-Strike,11/1/2000,Valve,Valve,top_1000
9/22/2023,4:18,24782,Counter-Strike,11/1/2000,Valve,Valve,top_1000
9/22/2023,4:19,24782,Counter-Strike,11/1/2000,Valve,Valve,top_1000
9/22/2023,4:20,24782,Counter-Strike,11/1/2000,Valve,Valve,top_1000
9/22/2023,4:21,24782,Counter-Strike,11/1/2000,Valve,Valve,top_1000
9/22/2023,4:22,24883,Counter-Strike,11/1/2000,Valve,Valve,top_1000
9/22/2023,4:23,24883,Counter-Strike,11/1/2000,Valve,Valve,top_1000
9/22/2023,4:24,24883,Counter-Strike,11/1/2000,Valve,Valve,top_1000
9/22/2023,4:25,24883,Counter-Strike,11/1/2000,Valve,Valve,top_1000
9/22/2023,4:26,24883,Counter-Strike,11/1/2000,Valve,Valve,top_1000
9/22/2023,4:27,24994,Counter-Strike,11/1/2000,Valve,Valve,top_1000
9/22/2023,4:28,24994,Counter-Strike,11/1/2000,Valve,Valve,top_1000
9/22/2023,4:29,24994,Counter-Strike,11/1/2000,Valve,Valve,top_1000
9/22/2023,4:30,24994,Counter-Strike,11/1/2000,Valve,Valve,top_1000
9/22/2023,4:31,24994,Counter-Strike,11/1/2000,Valve,Valve,top_1000
9/22/2023,4:32,25035,Counter-Strike,11/1/2000,Valve,Valve,top_1000
9/22/2023,4:33,25035,Counter-Strike,11/1/2000,Valve,Valve,top_1000
9/22/2023,4:34,25035,Counter-Strike,11/1/2000,Valve,Valve,top_1000
9/22/2023,4:35,25035,Counter-Strike,11/1/2000,Valve,Valve,top_1000
9/22/2023,4:36,25035,Counter-Strike,11/1/2000,Valve,Valve,top_1000
9/22/2023,4:37,25165,Counter-Strike,11/1/2000,Valve,Valve,top_1000
9/22/2023,4:38,25165,Counter-Strike,11/1/2000,Valve,Valve,top_1000
9/22/2023,4:39,25165,Counter-Strike,11/1/2000,Valve,Valve,top_1000
9/22/2023,4:40,25165,Counter-Strike,11/1/2000,Valve,Valve,top_1000
9/22/2023,4:41,25165,Counter-Strike,11/1/2000,Valve,Valve,top_1000
9/22/2023,4:42,25188,Counter-Strike,11/1/2000,Valve,Valve,top_1000
9/22/2023,4:43,25188,Counter-Strike,11/1/2000,Valve,Valve,top_1000
9/22/2023,4:44,25188,Counter-Strike,11/1/2000,Valve,Valve,top_1000
9/22/2023,4:45,25188,Counter-Strike,11/1/2000,Valve,Valve,top_1000
9/22/2023,4:46,25188,Counter-Strike,11/1/2000,Valve,Valve,top_1000
9/22/2023,4:47,25290,Counter-Strike,11/1/2000,Valve,Valve,top_1000
9/22/2023,4:48,25290,Counter-Strike,11/1/2000,Valve,Valve,top_1000
9/22/2023,4:49,25290,Counter-Strike,11/1/2000,Valve,Valve,top_1000
9/22/2023,4:50,25290,Counter-Strike,11/1/2000,Valve,Valve,top_1000
9/22/2023,4:51,25290,Counter-Strike,11/1/2000,Valve,Valve,top_1000
9/22/2023,4:52,25403,Counter-Strike,11/1/2000,Valve,Valve,top_1000
9/22/2023,4:53,25403,Counter-Strike,11/1/2000,Valve,Valve,top_1000
9/22/2023,4:54,25403,Counter-Strike,11/1/2000,Valve,Valve,top_1000
9/22/2023,4:55,25403,Counter-Strike,11/1/2000,Valve,Valve,top_1000
9/22/2023,4:56,25403,Counter-Strike,11/1/2000,Valve,Valve,top_1000
9/22/2023,4:57,25365,Counter-Strike,11/1/2000,Valve,Valve,top_1000
9/22/2023,4:58,25365,Counter-Strike,11/1/2000,Valve,Valve,top_1000
9/22/2023,4:59,25365,Counter-Strike,11/1/2000,Valve,Valve,top_1000
9/22/2023,5:00,25365,Counter-Strike,11/1/2000,Valve,Valve,top_1000
9/22/2023,5:01,25365,Counter-Strike,11/1/2000,Valve,Valve,top_1000
9/22/2023,5:02,25502,Counter-Strike,11/1/2000,Valve,Valve,top_1000
9/22/2023,5:03,25502,Counter-Strike,11/1/2000,Valve,Valve,top_1000
9/22/2023,5:04,25502,Counter-Strike,11/1/2000,Valve,Valve,top_1000
9/22/2023,5:05,25502,Counter-Strike,11/1/2000,Valve,Valve,top_1000
9/22/2023,5:06,25502,Counter-Strike,11/1/2000,Valve,Valve,top_1000
9/22/2023,5:07,25475,Counter-Strike,11/1/2000,Valve,Valve,top_1000
9/22/2023,5:08,25475,Counter-Strike,11/1/2000,Valve,Valve,top_1000
9/22/2023,5:09,25475,Counter-Strike,11/1/2000,Valve,Valve,top_1000
9/22/2023,5:10,25475,Counter-Strike,11/1/2000,Valve,Valve,top_1000
9/22/2023,5:11,25475,Counter-Strike,11/1/2000,Valve,Valve,top_1000
9/22/2023,5:12,25436,Counter-Strike,11/1/2000,Valve,Valve,top_1000
9/22/2023,5:13,25436,Counter-Strike,11/1/2000,Valve,Valve,top_1000
9/22/2023,5:14,25436,Counter-Strike,11/1/2000,Valve,Valve,top_1000
9/22/2023,5:15,25436,Counter-Strike,11/1/2000,Valve,Valve,top_1000
9/22/2023,5:16,25436,Counter-Strike,11/1/2000,Valve,Valve,top_1000
9/22/2023,5:17,25462,Counter-Strike,11/1/2000,Valve,Valve,top_1000
9/22/2023,5:18,25462,Counter-Strike,11/1/2000,Valve,Valve,top_1000
9/22/2023,5:19,25462,Counter-Strike,11/1/2000,Valve,Valve,top_1000
9/22/2023,5:20,25462,Counter-Strike,11/1/2000,Valve,Valve,top_1000
9/22/2023,5:21,25462,Counter-Strike,11/1/2000,Valve,Valve,top_1000
9/22/2023,5:22,25615,Counter-Strike,11/1/2000,Valve,Valve,top_1000
9/22/2023,5:23,25615,Counter-Strike,11/1/2000,Valve,Valve,top_1000
9/22/2023,5:24,25615,Counter-Strike,11/1/2000,Valve,Valve,top_1000
9/22/2023,5:25,25615,Counter-Strike,11/1/2000,Valve,Valve,top_1000
9/22/2023,5:26,25615,Counter-Strike,11/1/2000,Valve,Valve,top_1000
9/22/2023,5:27,25553,Counter-Strike,11/1/2000,Valve,Valve,top_1000
9/22/2023,5:28,25553,Counter-Strike,11/1/2000,Valve,Valve,top_1000
9/22/2023,5:29,25553,Counter-Strike,11/1/2000,Valve,Valve,top_1000
9/22/2023,5:30,25553,Counter-Strike,11/1/2000,Valve,Valve,top_1000
9/22/2023,5:31,25553,Counter-Strike,11/1/2000,Valve,Valve,top_1000
9/22/2023,5:32,25781,Counter-Strike,11/1/2000,Valve,Valve,top_1000
9/22/2023,5:33,25781,Counter-Strike,11/1/2000,Valve,Valve,top_1000
9/22/2023,5:34,25781,Counter-Strike,11/1/2000,Valve,Valve,top_1000
9/22/2023,5:35,25781,Counter-Strike,11/1/2000,Valve,Valve,top_1000
9/22/2023,5:36,25781,Counter-Strike,11/1/2000,Valve,Valve,top_1000
9/22/2023,5:37,25796,Counter-Strike,11/1/2000,Valve,Valve,top_1000
9/22/2023,5:38,25796,Counter-Strike,11/1/2000,Valve,Valve,top_1000
9/22/2023,5:39,25796,Counter-Strike,11/1/2000,Valve,Valve,top_1000
9/22/2023,5:40,25796,Counter-Strike,11/1/2000,Valve,Valve,top_1000
9/22/2023,5:41,25796,Counter-Strike,11/1/2000,Valve,Valve,top_1000
9/22/2023,5:42,25786,Counter-Strike,11/1/2000,Valve,Valve,top_1000
9/22/2023,5:43,25786,Counter-Strike,11/1/2000,Valve,Valve,top_1000
9/22/2023,5:44,25786,Counter-Strike,11/1/2000,Valve,Valve,top_1000
9/22/2023,5:45,25786,Counter-Strike,11/1/2000,Valve,Valve,top_1000
9/22/2023,5:46,25786,Counter-Strike,11/1/2000,Valve,Valve,top_1000
9/22/2023,5:47,25813,Counter-Strike,11/1/2000,Valve,Valve,top_1000
9/22/2023,5:48,25813,Counter-Strike,11/1/2000,Valve,Valve,top_1000
9/22/2023,5:49,25813,Counter-Strike,11/1/2000,Valve,Valve,top_1000
9/22/2023,5:50,25813,Counter-Strike,11/1/2000,Valve,Valve,top_1000
9/22/2023,5:51,25813,Counter-Strike,11/1/2000,Valve,Valve,top_1000
9/22/2023,5:52,25804,Counter-Strike,11/1/2000,Valve,Valve,top_1000
9/22/2023,5:53,25804,Counter-Strike,11/1/2000,Valve,Valve,top_1000
9/22/2023,5:54,25804,Counter-Strike,11/1/2000,Valve,Valve,top_1000
9/22/2023,5:55,25804,Counter-Strike,11/1/2000,Valve,Valve,top_1000
9/22/2023,5:56,25804,Counter-Strike,11/1/2000,Valve,Valve,top_1000
9/22/2023,5:57,25795,Counter-Strike,11/1/2000,Valve,Valve,top_1000
9/22/2023,5:58,25795,Counter-Strike,11/1/2000,Valve,Valve,top_1000
9/22/2023,5:59,25795,Counter-Strike,11/1/2000,Valve,Valve,top_1000
9/22/2023,6:00,25795,Counter-Strike,11/1/2000,Valve,Valve,top_1000
9/22/2023,6:01,25795,Counter-Strike,11/1/2000,Valve,Valve,top_1000
9/22/2023,6:02,25828,Counter-Strike,11/1/2000,Valve,Valve,top_1000
9/22/2023,6:03,25828,Counter-Strike,11/1/2000,Valve,Valve,top_1000
9/22/2023,6:04,25828,Counter-Strike,11/1/2000,Valve,Valve,top_1000
9/22/2023,6:05,25828,Counter-Strike,11/1/2000,Valve,Valve,top_1000
9/22/2023,6:06,25828,Counter-Strike,11/1/2000,Valve,Valve,top_1000
9/22/2023,6:07,25689,Counter-Strike,11/1/2000,Valve,Valve,top_1000
9/22/2023,6:08,25689,Counter-Strike,11/1/2000,Valve,Valve,top_1000
9/22/2023,6:09,25689,Counter-Strike,11/1/2000,Valve,Valve,top_1000
9/22/2023,6:10,25689,Counter-Strike,11/1/2000,Valve,Valve,top_1000
9/22/2023,6:11,25689,Counter-Strike,11/1/2000,Valve,Valve,top_1000
9/22/2023,6:12,25694,Counter-Strike,11/1/2000,Valve,Valve,top_1000
9/22/2023,6:13,25694,Counter-Strike,11/1/2000,Valve,Valve,top_1000
9/22/2023,6:14,25694,Counter-Strike,11/1/2000,Valve,Valve,top_1000
9/22/2023,6:15,25694,Counter-Strike,11/1/2000,Valve,Valve,top_1000
9/22/2023,6:16,25694,Counter-Strike,11/1/2000,Valve,Valve,top_1000
9/22/2023,6:17,25708,Counter-Strike,11/1/2000,Valve,Valve,top_1000
9/22/2023,6:18,25708,Counter-Strike,11/1/2000,Valve,Valve,top_1000
9/22/2023,6:19,25708,Counter-Strike,11/1/2000,Valve,Valve,top_1000
9/22/2023,6:20,25708,Counter-Strike,11/1/2000,Valve,Valve,top_1000
9/22/2023,6:21,25708,Counter-Strike,11/1/2000,Valve,Valve,top_1000
9/22/2023,6:22,25786,Counter-Strike,11/1/2000,Valve,Valve,top_1000
9/22/2023,6:23,25786,Counter-Strike,11/1/2000,Valve,Valve,top_1000
9/22/2023,6:24,25786,Counter-Strike,11/1/2000,Valve,Valve,top_1000
9/22/2023,6:25,25786,Counter-Strike,11/1/2000,Valve,Valve,top_1000
9/22/2023,6:26,25786,Counter-Strike,11/1/2000,Valve,Valve,top_1000
9/22/2023,6:27,25817,Counter-Strike,11/1/2000,Valve,Valve,top_1000
9/22/2023,6:28,25817,Counter-Strike,11/1/2000,Valve,Valve,top_1000
9/22/2023,6:29,25817,Counter-Strike,11/1/2000,Valve,Valve,top_1000
9/22/2023,6:30,25817,Counter-Strike,11/1/2000,Valve,Valve,top_1000
9/22/2023,6:31,25817,Counter-Strike,11/1/2000,Valve,Valve,top_1000
9/22/2023,6:32,25816,Counter-Strike,11/1/2000,Valve,Valve,top_1000
9/22/2023,6:33,25816,Counter-Strike,11/1/2000,Valve,Valve,top_1000
9/22/2023,6:34,25816,Counter-Strike,11/1/2000,Valve,Valve,top_1000
9/22/2023,6:35,25816,Counter-Strike,11/1/2000,Valve,Valve,top_1000
9/22/2023,6:36,25816,Counter-Strike,11/1/2000,Valve,Valve,top_1000
9/22/2023,6:37,25724,Counter-Strike,11/1/2000,Valve,Valve,top_1000
9/22/2023,6:38,25724,Counter-Strike,11/1/2000,Valve,Valve,top_1000
9/22/2023,6:39,25724,Counter-Strike,11/1/2000,Valve,Valve,top_1000
9/22/2023,6:40,25724,Counter-Strike,11/1/2000,Valve,Valve,top_1000
9/22/2023,6:41,25724,Counter-Strike,11/1/2000,Valve,Valve,top_1000
9/22/2023,6:42,25772,Counter-Strike,11/1/2000,Valve,Valve,top_1000
9/22/2023,6:43,25772,Counter-Strike,11/1/2000,Valve,Valve,top_1000
9/22/2023,6:44,25772,Counter-Strike,11/1/2000,Valve,Valve,top_1000
9/22/2023,6:45,25772,Counter-Strike,11/1/2000,Valve,Valve,top_1000
9/22/2023,6:46,25772,Counter-Strike,11/1/2000,Valve,Valve,top_1000
9/22/2023,6:47,25586,Counter-Strike,11/1/2000,Valve,Valve,top_1000
9/22/2023,6:48,25586,Counter-Strike,11/1/2000,Valve,Valve,top_1000
9/22/2023,6:49,25586,Counter-Strike,11/1/2000,Valve,Valve,top_1000
9/22/2023,6:50,25586,Counter-Strike,11/1/2000,Valve,Valve,top_1000
9/22/2023,6:51,25586,Counter-Strike,11/1/2000,Valve,Valve,top_1000
9/22/2023,6:52,25654,Counter-Strike,11/1/2000,Valve,Valve,top_1000
9/22/2023,6:53,25654,Counter-Strike,11/1/2000,Valve,Valve,top_1000
9/22/2023,6:54,25654,Counter-Strike,11/1/2000,Valve,Valve,top_1000
9/22/2023,6:55,25654,Counter-Strike,11/1/2000,Valve,Valve,top_1000
9/22/2023,6:56,25654,Counter-Strike,11/1/2000,Valve,Valve,top_1000
9/22/2023,6:57,25709,Counter-Strike,11/1/2000,Valve,Valve,top_1000
9/22/2023,6:58,25709,Counter-Strike,11/1/2000,Valve,Valve,top_1000
9/22/2023,6:59,25709,Counter-Strike,11/1/2000,Valve,Valve,top_1000
9/22/2023,7:00,25709,Counter-Strike,11/1/2000,Valve,Valve,top_1000
9/22/2023,7:01,25709,Counter-Strike,11/1/2000,Valve,Valve,top_1000
9/22/2023,7:02,25529,Counter-Strike,11/1/2000,Valve,Valve,top_1000
9/22/2023,7:03,25529,Counter-Strike,11/1/2000,Valve,Valve,top_1000
9/22/2023,7:04,25529,Counter-Strike,11/1/2000,Valve,Valve,top_1000
9/22/2023,7:05,25529,Counter-Strike,11/1/2000,Valve,Valve,top_1000
9/22/2023,7:06,25529,Counter-Strike,11/1/2000,Valve,Valve,top_1000
9/22/2023,7:07,25465,Counter-Strike,11/1/2000,Valve,Valve,top_1000
9/22/2023,7:08,25465,Counter-Strike,11/1/2000,Valve,Valve,top_1000
9/22/2023,7:09,25465,Counter-Strike,11/1/2000,Valve,Valve,top_1000
9/22/2023,7:10,25465,Counter-Strike,11/1/2000,Valve,Valve,top_1000
9/22/2023,7:11,25465,Counter-Strike,11/1/2000,Valve,Valve,top_1000
9/22/2023,7:12,25317,Counter-Strike,11/1/2000,Valve,Valve,top_1000
9/22/2023,7:13,25317,Counter-Strike,11/1/2000,Valve,Valve,top_1000
9/22/2023,7:14,25317,Counter-Strike,11/1/2000,Valve,Valve,top_1000
9/22/2023,7:15,25317,Counter-Strike,11/1/2000,Valve,Valve,top_1000
9/22/2023,7:16,25317,Counter-Strike,11/1/2000,Valve,Valve,top_1000
9/22/2023,7:17,25161,Counter-Strike,11/1/2000,Valve,Valve,top_1000
9/22/2023,7:18,25161,Counter-Strike,11/1/2000,Valve,Valve,top_1000
9/22/2023,7:19,25161,Counter-Strike,11/1/2000,Valve,Valve,top_1000
9/22/2023,7:20,25161,Counter-Strike,11/1/2000,Valve,Valve,top_1000
9/22/2023,7:21,25161,Counter-Strike,11/1/2000,Valve,Valve,top_1000
9/22/2023,7:22,25100,Counter-Strike,11/1/2000,Valve,Valve,top_1000
9/22/2023,7:23,25100,Counter-Strike,11/1/2000,Valve,Valve,top_1000
9/22/2023,7:24,25100,Counter-Strike,11/1/2000,Valve,Valve,top_1000
9/22/2023,7:25,25100,Counter-Strike,11/1/2000,Valve,Valve,top_1000
9/22/2023,7:26,25100,Counter-Strike,11/1/2000,Valve,Valve,top_1000
9/22/2023,7:27,24978,Counter-Strike,11/1/2000,Valve,Valve,top_1000
9/22/2023,7:28,24978,Counter-Strike,11/1/2000,Valve,Valve,top_1000
9/22/2023,7:29,24978,Counter-Strike,11/1/2000,Valve,Valve,top_1000
9/22/2023,7:30,24978,Counter-Strike,11/1/2000,Valve,Valve,top_1000
9/22/2023,7:31,24978,Counter-Strike,11/1/2000,Valve,Valve,top_1000
9/22/2023,7:32,24789,Counter-Strike,11/1/2000,Valve,Valve,top_1000
9/22/2023,7:33,24789,Counter-Strike,11/1/2000,Valve,Valve,top_1000
9/22/2023,7:34,24789,Counter-Strike,11/1/2000,Valve,Valve,top_1000
9/22/2023,7:35,24789,Counter-Strike,11/1/2000,Valve,Valve,top_1000
9/22/2023,7:36,24789,Counter-Strike,11/1/2000,Valve,Valve,top_1000
9/22/2023,7:37,24547,Counter-Strike,11/1/2000,Valve,Valve,top_1000
9/22/2023,7:38,24547,Counter-Strike,11/1/2000,Valve,Valve,top_1000
9/22/2023,7:39,24547,Counter-Strike,11/1/2000,Valve,Valve,top_1000
9/22/2023,7:40,24547,Counter-Strike,11/1/2000,Valve,Valve,top_1000
9/22/2023,7:41,24547,Counter-Strike,11/1/2000,Valve,Valve,top_1000
9/22/2023,7:42,24321,Counter-Strike,11/1/2000,Valve,Valve,top_1000
9/22/2023,7:43,24321,Counter-Strike,11/1/2000,Valve,Valve,top_1000
9/22/2023,7:44,24321,Counter-Strike,11/1/2000,Valve,Valve,top_1000
9/22/2023,7:45,24321,Counter-Strike,11/1/2000,Valve,Valve,top_1000
9/22/2023,7:46,24321,Counter-Strike,11/1/2000,Valve,Valve,top_1000
9/22/2023,7:47,24279,Counter-Strike,11/1/2000,Valve,Valve,top_1000
9/22/2023,7:48,24279,Counter-Strike,11/1/2000,Valve,Valve,top_1000
9/22/2023,7:49,24279,Counter-Strike,11/1/2000,Valve,Valve,top_1000
9/22/2023,7:50,24279,Counter-Strike,11/1/2000,Valve,Valve,top_1000
9/22/2023,7:51,24279,Counter-Strike,11/1/2000,Valve,Valve,top_1000
9/22/2023,7:52,24164,Counter-Strike,11/1/2000,Valve,Valve,top_1000
9/22/2023,7:53,24164,Counter-Strike,11/1/2000,Valve,Valve,top_1000
9/22/2023,7:54,24164,Counter-Strike,11/1/2000,Valve,Valve,top_1000
9/22/2023,7:55,24164,Counter-Strike,11/1/2000,Valve,Valve,top_1000
9/22/2023,7:56,24164,Counter-Strike,11/1/2000,Valve,Valve,top_1000
9/22/2023,7:57,24024,Counter-Strike,11/1/2000,Valve,Valve,top_1000
9/22/2023,7:58,24024,Counter-Strike,11/1/2000,Valve,Valve,top_1000
9/22/2023,7:59,24024,Counter-Strike,11/1/2000,Valve,Valve,top_1000
9/22/2023,8:00,24024,Counter-Strike,11/1/2000,Valve,Valve,top_1000
9/22/2023,8:01,24024,Counter-Strike,11/1/2000,Valve,Valve,top_1000
9/22/2023,8:02,23823,Counter-Strike,11/1/2000,Valve,Valve,top_1000
9/22/2023,8:03,23823,Counter-Strike,11/1/2000,Valve,Valve,top_1000
9/22/2023,8:04,23823,Counter-Strike,11/1/2000,Valve,Valve,top_1000
9/22/2023,8:05,23823,Counter-Strike,11/1/2000,Valve,Valve,top_1000
9/22/2023,8:06,23823,Counter-Strike,11/1/2000,Valve,Valve,top_1000
9/22/2023,8:07,23718,Counter-Strike,11/1/2000,Valve,Valve,top_1000
9/22/2023,8:08,23718,Counter-Strike,11/1/2000,Valve,Valve,top_1000
9/22/2023,8:09,23718,Counter-Strike,11/1/2000,Valve,Valve,top_1000
9/22/2023,8:10,23718,Counter-Strike,11/1/2000,Valve,Valve,top_1000
9/22/2023,8:11,23718,Counter-Strike,11/1/2000,Valve,Valve,top_1000
9/22/2023,8:12,23388,Counter-Strike,11/1/2000,Valve,Valve,top_1000
9/22/2023,8:13,23388,Counter-Strike,11/1/2000,Valve,Valve,top_1000
9/22/2023,8:14,23388,Counter-Strike,11/1/2000,Valve,Valve,top_1000
9/22/2023,8:15,23388,Counter-Strike,11/1/2000,Valve,Valve,top_1000
9/22/2023,8:16,23388,Counter-Strike,11/1/2000,Valve,Valve,top_1000
9/22/2023,8:17,23133,Counter-Strike,11/1/2000,Valve,Valve,top_1000
9/22/2023,8:18,23133,Counter-Strike,11/1/2000,Valve,Valve,top_1000
9/22/2023,8:19,23133,Counter-Strike,11/1/2000,Valve,Valve,top_1000
9/22/2023,8:20,23133,Counter-Strike,11/1/2000,Valve,Valve,top_1000
9/22/2023,8:21,23133,Counter-Strike,11/1/2000,Valve,Valve,top_1000
9/22/2023,8:22,23001,Counter-Strike,11/1/2000,Valve,Valve,top_1000
9/22/2023,8:23,23001,Counter-Strike,11/1/2000,Valve,Valve,top_1000
9/22/2023,8:24,23001,Counter-Strike,11/1/2000,Valve,Valve,top_1000
9/22/2023,8:25,23001,Counter-Strike,11/1/2000,Valve,Valve,top_1000
9/22/2023,8:26,23001,Counter-Strike,11/1/2000,Valve,Valve,top_1000
9/22/2023,8:27,22788,Counter-Strike,11/1/2000,Valve,Valve,top_1000
9/22/2023,8:28,22788,Counter-Strike,11/1/2000,Valve,Valve,top_1000
9/22/2023,8:29,22788,Counter-Strike,11/1/2000,Valve,Valve,top_1000
9/22/2023,8:30,22788,Counter-Strike,11/1/2000,Valve,Valve,top_1000
9/22/2023,8:31,22788,Counter-Strike,11/1/2000,Valve,Valve,top_1000
9/22/2023,8:32,22553,Counter-Strike,11/1/2000,Valve,Valve,top_1000
9/22/2023,8:33,22553,Counter-Strike,11/1/2000,Valve,Valve,top_1000
9/22/2023,8:34,22553,Counter-Strike,11/1/2000,Valve,Valve,top_1000
9/22/2023,8:35,22553,Counter-Strike,11/1/2000,Valve,Valve,top_1000
9/22/2023,8:36,22553,Counter-Strike,11/1/2000,Valve,Valve,top_1000
9/22/2023,8:37,22317,Counter-Strike,11/1/2000,Valve,Valve,top_1000
9/22/2023,8:38,22317,Counter-Strike,11/1/2000,Valve,Valve,top_1000
9/22/2023,8:39,22317,Counter-Strike,11/1/2000,Valve,Valve,top_1000
9/22/2023,8:40,22317,Counter-Strike,11/1/2000,Valve,Valve,top_1000
9/22/2023,8:41,22317,Counter-Strike,11/1/2000,Valve,Valve,top_1000
9/22/2023,8:42,22111,Counter-Strike,11/1/2000,Valve,Valve,top_1000
9/22/2023,8:43,22111,Counter-Strike,11/1/2000,Valve,Valve,top_1000
9/22/2023,8:44,22111,Counter-Strike,11/1/2000,Valve,Valve,top_1000
9/22/2023,8:45,22111,Counter-Strike,11/1/2000,Valve,Valve,top_1000
9/22/2023,8:46,22111,Counter-Strike,11/1/2000,Valve,Valve,top_1000
9/22/2023,8:47,21777,Counter-Strike,11/1/2000,Valve,Valve,top_1000
9/22/2023,8:48,21777,Counter-Strike,11/1/2000,Valve,Valve,top_1000
9/22/2023,8:49,21777,Counter-Strike,11/1/2000,Valve,Valve,top_1000
9/22/2023,8:50,21777,Counter-Strike,11/1/2000,Valve,Valve,top_1000
9/22/2023,8:51,21777,Counter-Strike,11/1/2000,Valve,Valve,top_1000
9/22/2023,8:52,21558,Counter-Strike,11/1/2000,Valve,Valve,top_1000
9/22/2023,8:53,21558,Counter-Strike,11/1/2000,Valve,Valve,top_1000
9/22/2023,8:54,21558,Counter-Strike,11/1/2000,Valve,Valve,top_1000
9/22/2023,8:55,21558,Counter-Strike,11/1/2000,Valve,Valve,top_1000
9/22/2023,8:56,21558,Counter-Strike,11/1/2000,Valve,Valve,top_1000
9/22/2023,8:57,21328,Counter-Strike,11/1/2000,Valve,Valve,top_1000
9/22/2023,8:58,21328,Counter-Strike,11/1/2000,Valve,Valve,top_1000
9/22/2023,8:59,21328,Counter-Strike,11/1/2000,Valve,Valve,top_1000
9/22/2023,9:00,21328,Counter-Strike,11/1/2000,Valve,Valve,top_1000
9/22/2023,9:01,21328,Counter-Strike,11/1/2000,Valve,Valve,top_1000
9/22/2023,9:02,21111,Counter-Strike,11/1/2000,Valve,Valve,top_1000
9/22/2023,9:03,21111,Counter-Strike,11/1/2000,Valve,Valve,top_1000
9/22/2023,9:04,21111,Counter-Strike,11/1/2000,Valve,Valve,top_1000
9/22/2023,9:05,21111,Counter-Strike,11/1/2000,Valve,Valve,top_1000
9/22/2023,9:06,21111,Counter-Strike,11/1/2000,Valve,Valve,top_1000
9/22/2023,9:07,20856,Counter-Strike,11/1/2000,Valve,Valve,top_1000
9/22/2023,9:08,20856,Counter-Strike,11/1/2000,Valve,Valve,top_1000
9/22/2023,9:09,20856,Counter-Strike,11/1/2000,Valve,Valve,top_1000
9/22/2023,9:10,20856,Counter-Strike,11/1/2000,Valve,Valve,top_1000
9/22/2023,9:11,20856,Counter-Strike,11/1/2000,Valve,Valve,top_1000
9/22/2023,9:12,20598,Counter-Strike,11/1/2000,Valve,Valve,top_1000
9/22/2023,9:13,20598,Counter-Strike,11/1/2000,Valve,Valve,top_1000
9/22/2023,9:14,20598,Counter-Strike,11/1/2000,Valve,Valve,top_1000
9/22/2023,9:15,20598,Counter-Strike,11/1/2000,Valve,Valve,top_1000
9/22/2023,9:16,20598,Counter-Strike,11/1/2000,Valve,Valve,top_1000
9/22/2023,9:17,20299,Counter-Strike,11/1/2000,Valve,Valve,top_1000
9/22/2023,9:18,20299,Counter-Strike,11/1/2000,Valve,Valve,top_1000
9/22/2023,9:19,20299,Counter-Strike,11/1/2000,Valve,Valve,top_1000
9/22/2023,9:20,20299,Counter-Strike,11/1/2000,Valve,Valve,top_1000
9/22/2023,9:21,20299,Counter-Strike,11/1/2000,Valve,Valve,top_1000
9/22/2023,9:22,20081,Counter-Strike,11/1/2000,Valve,Valve,top_1000
9/22/2023,9:23,20081,Counter-Strike,11/1/2000,Valve,Valve,top_1000
9/22/2023,9:24,20081,Counter-Strike,11/1/2000,Valve,Valve,top_1000
9/22/2023,9:25,20081,Counter-Strike,11/1/2000,Valve,Valve,top_1000
9/22/2023,9:26,20081,Counter-Strike,11/1/2000,Valve,Valve,top_1000
9/22/2023,9:27,19707,Counter-Strike,11/1/2000,Valve,Valve,top_1000
9/22/2023,9:28,19707,Counter-Strike,11/1/2000,Valve,Valve,top_1000
9/22/2023,9:29,19707,Counter-Strike,11/1/2000,Valve,Valve,top_1000
9/22/2023,9:30,19707,Counter-Strike,11/1/2000,Valve,Valve,top_1000
9/22/2023,9:31,19707,Counter-Strike,11/1/2000,Valve,Valve,top_1000
9/22/2023,9:32,19421,Counter-Strike,11/1/2000,Valve,Valve,top_1000
9/22/2023,9:33,19421,Counter-Strike,11/1/2000,Valve,Valve,top_1000
9/22/2023,9:34,19421,Counter-Strike,11/1/2000,Valve,Valve,top_1000
9/22/2023,9:35,19421,Counter-Strike,11/1/2000,Valve,Valve,top_1000
9/22/2023,9:36,19421,Counter-Strike,11/1/2000,Valve,Valve,top_1000
9/22/2023,9:37,19066,Counter-Strike,11/1/2000,Valve,Valve,top_1000
9/22/2023,9:38,19066,Counter-Strike,11/1/2000,Valve,Valve,top_1000
9/22/2023,9:39,19066,Counter-Strike,11/1/2000,Valve,Valve,top_1000
9/22/2023,9:40,19066,Counter-Strike,11/1/2000,Valve,Valve,top_1000
9/22/2023,9:41,19066,Counter-Strike,11/1/2000,Valve,Valve,top_1000
9/22/2023,9:42,18777,Counter-Strike,11/1/2000,Valve,Valve,top_1000
9/22/2023,9:43,18777,Counter-Strike,11/1/2000,Valve,Valve,top_1000
9/22/2023,9:44,18777,Counter-Strike,11/1/2000,Valve,Valve,top_1000
9/22/2023,9:45,18777,Counter-Strike,11/1/2000,Valve,Valve,top_1000
9/22/2023,9:46,18777,Counter-Strike,11/1/2000,Valve,Valve,top_1000
9/22/2023,9:47,18480,Counter-Strike,11/1/2000,Valve,Valve,top_1000
9/22/2023,9:48,18480,Counter-Strike,11/1/2000,Valve,Valve,top_1000
9/22/2023,9:49,18480,Counter-Strike,11/1/2000,Valve,Valve,top_1000
9/22/2023,9:50,18480,Counter-Strike,11/1/2000,Valve,Valve,top_1000
9/22/2023,9:51,18480,Counter-Strike,11/1/2000,Valve,Valve,top_1000
9/22/2023,9:52,18277,Counter-Strike,11/1/2000,Valve,Valve,top_1000
9/22/2023,9:53,18277,Counter-Strike,11/1/2000,Valve,Valve,top_1000
9/22/2023,9:54,18277,Counter-Strike,11/1/2000,Valve,Valve,top_1000
9/22/2023,9:55,18277,Counter-Strike,11/1/2000,Valve,Valve,top_1000
9/22/2023,9:56,18277,Counter-Strike,11/1/2000,Valve,Valve,top_1000
9/22/2023,9:57,17999,Counter-Strike,11/1/2000,Valve,Valve,top_1000
9/22/2023,9:58,17999,Counter-Strike,11/1/2000,Valve,Valve,top_1000
9/22/2023,9:59,17999,Counter-Strike,11/1/2000,Valve,Valve,top_1000
9/22/2023,10:00,17999,Counter-Strike,11/1/2000,Valve,Valve,top_1000
9/22/2023,10:01,17999,Counter-Strike,11/1/2000,Valve,Valve,top_1000
9/22/2023,10:02,17744,Counter-Strike,11/1/2000,Valve,Valve,top_1000
9/22/2023,10:03,17744,Counter-Strike,11/1/2000,Valve,Valve,top_1000
9/22/2023,10:04,17744,Counter-Strike,11/1/2000,Valve,Valve,top_1000
9/22/2023,10:05,17744,Counter-Strike,11/1/2000,Valve,Valve,top_1000
9/22/2023,10:06,17744,Counter-Strike,11/1/2000,Valve,Valve,top_1000
9/22/2023,10:07,17404,Counter-Strike,11/1/2000,Valve,Valve,top_1000
9/22/2023,10:08,17404,Counter-Strike,11/1/2000,Valve,Valve,top_1000
9/22/2023,10:09,17404,Counter-Strike,11/1/2000,Valve,Valve,top_1000
9/22/2023,10:10,17404,Counter-Strike,11/1/2000,Valve,Valve,top_1000
9/22/2023,10:11,17404,Counter-Strike,11/1/2000,Valve,Valve,top_1000
9/22/2023,10:12,17099,Counter-Strike,11/1/2000,Valve,Valve,top_1000
9/22/2023,10:13,17099,Counter-Strike,11/1/2000,Valve,Valve,top_1000
9/22/2023,10:14,17099,Counter-Strike,11/1/2000,Valve,Valve,top_1000
9/22/2023,10:15,17099,Counter-Strike,11/1/2000,Valve,Valve,top_1000
9/22/2023,10:16,17099,Counter-Strike,11/1/2000,Valve,Valve,top_1000
9/22/2023,10:17,16876,Counter-Strike,11/1/2000,Valve,Valve,top_1000
9/22/2023,10:18,16876,Counter-Strike,11/1/2000,Valve,Valve,top_1000
9/22/2023,10:19,16876,Counter-Strike,11/1/2000,Valve,Valve,top_1000
9/22/2023,10:20,16876,Counter-Strike,11/1/2000,Valve,Valve,top_1000
9/22/2023,10:21,16876,Counter-Strike,11/1/2000,Valve,Valve,top_1000
9/22/2023,10:22,16718,Counter-Strike,11/1/2000,Valve,Valve,top_1000
9/22/2023,10:23,16718,Counter-Strike,11/1/2000,Valve,Valve,top_1000
9/22/2023,10:24,16718,Counter-Strike,11/1/2000,Valve,Valve,top_1000
9/22/2023,10:25,16718,Counter-Strike,11/1/2000,Valve,Valve,top_1000
9/22/2023,10:26,16718,Counter-Strike,11/1/2000,Valve,Valve,top_1000
9/22/2023,10:27,16434,Counter-Strike,11/1/2000,Valve,Valve,top_1000
9/22/2023,10:28,16434,Counter-Strike,11/1/2000,Valve,Valve,top_1000
9/22/2023,10:29,16434,Counter-Strike,11/1/2000,Valve,Valve,top_1000
9/22/2023,10:30,16434,Counter-Strike,11/1/2000,Valve,Valve,top_1000
9/22/2023,10:31,16434,Counter-Strike,11/1/2000,Valve,Valve,top_1000
9/22/2023,10:32,16092,Counter-Strike,11/1/2000,Valve,Valve,top_1000
9/22/2023,10:33,16092,Counter-Strike,11/1/2000,Valve,Valve,top_1000
9/22/2023,10:34,16092,Counter-Strike,11/1/2000,Valve,Valve,top_1000
9/22/2023,10:35,16092,Counter-Strike,11/1/2000,Valve,Valve,top_1000
9/22/2023,10:36,16092,Counter-Strike,11/1/2000,Valve,Valve,top_1000
9/22/2023,10:37,15767,Counter-Strike,11/1/2000,Valve,Valve,top_1000
9/22/2023,10:38,15767,Counter-Strike,11/1/2000,Valve,Valve,top_1000
9/22/2023,10:39,15767,Counter-Strike,11/1/2000,Valve,Valve,top_1000
9/22/2023,10:40,15767,Counter-Strike,11/1/2000,Valve,Valve,top_1000
9/22/2023,10:41,15767,Counter-Strike,11/1/2000,Valve,Valve,top_1000
9/22/2023,10:42,15474,Counter-Strike,11/1/2000,Valve,Valve,top_1000
9/22/2023,10:43,15474,Counter-Strike,11/1/2000,Valve,Valve,top_1000
9/22/2023,10:44,15474,Counter-Strike,11/1/2000,Valve,Valve,top_1000
9/22/2023,10:45,15474,Counter-Strike,11/1/2000,Valve,Valve,top_1000
9/22/2023,10:46,15474,Counter-Strike,11/1/2000,Valve,Valve,top_1000
9/22/2023,10:47,15098,Counter-Strike,11/1/2000,Valve,Valve,top_1000
9/22/2023,10:48,15098,Counter-Strike,11/1/2000,Valve,Valve,top_1000
9/22/2023,10:49,15098,Counter-Strike,11/1/2000,Valve,Valve,top_1000
9/22/2023,10:50,15098,Counter-Strike,11/1/2000,Valve,Valve,top_1000
9/22/2023,10:51,15098,Counter-Strike,11/1/2000,Valve,Valve,top_1000
9/22/2023,10:52,14745,Counter-Strike,11/1/2000,Valve,Valve,top_1000
9/22/2023,10:53,14745,Counter-Strike,11/1/2000,Valve,Valve,top_1000
9/22/2023,10:54,14745,Counter-Strike,11/1/2000,Valve,Valve,top_1000
9/22/2023,10:55,14745,Counter-Strike,11/1/2000,Valve,Valve,top_1000
9/22/2023,10:56,14745,Counter-Strike,11/1/2000,Valve,Valve,top_1000
9/22/2023,10:57,14575,Counter-Strike,11/1/2000,Valve,Valve,top_1000
9/22/2023,10:58,14575,Counter-Strike,11/1/2000,Valve,Valve,top_1000
9/22/2023,10:59,14575,Counter-Strike,11/1/2000,Valve,Valve,top_1000
9/22/2023,11:00,14575,Counter-Strike,11/1/2000,Valve,Valve,top_1000
9/22/2023,11:01,14575,Counter-Strike,11/1/2000,Valve,Valve,top_1000
9/22/2023,11:02,14256,Counter-Strike,11/1/2000,Valve,Valve,top_1000
9/22/2023,11:03,14256,Counter-Strike,11/1/2000,Valve,Valve,top_1000
9/22/2023,11:04,14256,Counter-Strike,11/1/2000,Valve,Valve,top_1000
9/22/2023,11:05,14256,Counter-Strike,11/1/2000,Valve,Valve,top_1000
9/22/2023,11:06,14256,Counter-Strike,11/1/2000,Valve,Valve,top_1000
9/22/2023,11:07,14091,Counter-Strike,11/1/2000,Valve,Valve,top_1000
9/22/2023,11:08,14091,Counter-Strike,11/1/2000,Valve,Valve,top_1000
9/22/2023,11:09,14091,Counter-Strike,11/1/2000,Valve,Valve,top_1000
9/22/2023,11:10,14091,Counter-Strike,11/1/2000,Valve,Valve,top_1000
9/22/2023,11:11,14091,Counter-Strike,11/1/2000,Valve,Valve,top_1000
9/22/2023,11:12,13813,Counter-Strike,11/1/2000,Valve,Valve,top_1000
9/22/2023,11:13,13813,Counter-Strike,11/1/2000,Valve,Valve,top_1000
9/22/2023,11:14,13813,Counter-Strike,11/1/2000,Valve,Valve,top_1000
9/22/2023,11:15,13813,Counter-Strike,11/1/2000,Valve,Valve,top_1000
9/22/2023,11:16,13813,Counter-Strike,11/1/2000,Valve,Valve,top_1000
9/22/2023,11:17,13601,Counter-Strike,11/1/2000,Valve,Valve,top_1000
9/22/2023,11:18,13601,Counter-Strike,11/1/2000,Valve,Valve,top_1000
9/22/2023,11:19,13601,Counter-Strike,11/1/2000,Valve,Valve,top_1000
9/22/2023,11:20,13601,Counter-Strike,11/1/2000,Valve,Valve,top_1000
9/22/2023,11:21,13601,Counter-Strike,11/1/2000,Valve,Valve,top_1000
9/22/2023,11:22,13249,Counter-Strike,11/1/2000,Valve,Valve,top_1000
9/22/2023,11:23,13249,Counter-Strike,11/1/2000,Valve,Valve,top_1000
9/22/2023,11:24,13249,Counter-Strike,11/1/2000,Valve,Valve,top_1000
9/22/2023,11:25,13249,Counter-Strike,11/1/2000,Valve,Valve,top_1000
9/22/2023,11:26,13249,Counter-Strike,11/1/2000,Valve,Valve,top_1000
9/22/2023,11:27,12954,Counter-Strike,11/1/2000,Valve,Valve,top_1000
9/22/2023,11:28,12954,Counter-Strike,11/1/2000,Valve,Valve,top_1000
9/22/2023,11:29,12954,Counter-Strike,11/1/2000,Valve,Valve,top_1000
9/22/2023,11:30,12954,Counter-Strike,11/1/2000,Valve,Valve,top_1000
9/22/2023,11:31,12954,Counter-Strike,11/1/2000,Valve,Valve,top_1000
9/22/2023,11:32,12789,Counter-Strike,11/1/2000,Valve,Valve,top_1000
9/22/2023,11:33,12789,Counter-Strike,11/1/2000,Valve,Valve,top_1000
9/22/2023,11:34,12789,Counter-Strike,11/1/2000,Valve,Valve,top_1000
9/22/2023,11:35,12789,Counter-Strike,11/1/2000,Valve,Valve,top_1000
9/22/2023,11:36,12789,Counter-Strike,11/1/2000,Valve,Valve,top_1000
9/22/2023,11:37,12575,Counter-Strike,11/1/2000,Valve,Valve,top_1000
9/22/2023,11:38,12575,Counter-Strike,11/1/2000,Valve,Valve,top_1000
9/22/2023,11:39,12575,Counter-Strike,11/1/2000,Valve,Valve,top_1000
9/22/2023,11:40,12575,Counter-Strike,11/1/2000,Valve,Valve,top_1000
9/22/2023,11:41,12575,Counter-Strike,11/1/2000,Valve,Valve,top_1000
9/22/2023,11:42,12319,Counter-Strike,11/1/2000,Valve,Valve,top_1000
9/22/2023,11:43,12319,Counter-Strike,11/1/2000,Valve,Valve,top_1000
9/22/2023,11:44,12319,Counter-Strike,11/1/2000,Valve,Valve,top_1000
9/22/2023,11:45,12319,Counter-Strike,11/1/2000,Valve,Valve,top_1000
9/22/2023,11:46,12319,Counter-Strike,11/1/2000,Valve,Valve,top_1000
9/22/2023,11:47,12157,Counter-Strike,11/1/2000,Valve,Valve,top_1000
9/22/2023,11:48,12157,Counter-Strike,11/1/2000,Valve,Valve,top_1000
9/22/2023,11:49,12157,Counter-Strike,11/1/2000,Valve,Valve,top_1000
9/22/2023,11:50,12157,Counter-Strike,11/1/2000,Valve,Valve,top_1000
9/22/2023,11:51,12157,Counter-Strike,11/1/2000,Valve,Valve,top_1000
9/22/2023,11:52,11977,Counter-Strike,11/1/2000,Valve,Valve,top_1000
9/22/2023,11:53,11977,Counter-Strike,11/1/2000,Valve,Valve,top_1000
9/22/2023,11:54,11977,Counter-Strike,11/1/2000,Valve,Valve,top_1000
9/22/2023,11:55,11977,Counter-Strike,11/1/2000,Valve,Valve,top_1000
9/22/2023,11:56,11977,Counter-Strike,11/1/2000,Valve,Valve,top_1000
9/22/2023,11:57,11799,Counter-Strike,11/1/2000,Valve,Valve,top_1000
9/22/2023,11:58,11799,Counter-Strike,11/1/2000,Valve,Valve,top_1000
9/22/2023,11:59,11799,Counter-Strike,11/1/2000,Valve,Valve,top_1000
9/22/2023,12:00,11799,Counter-Strike,11/1/2000,Valve,Valve,top_1000
9/22/2023,12:01,11799,Counter-Strike,11/1/2000,Valve,Valve,top_1000
9/22/2023,12:02,11597,Counter-Strike,11/1/2000,Valve,Valve,top_1000
9/22/2023,12:03,11597,Counter-Strike,11/1/2000,Valve,Valve,top_1000
9/22/2023,12:04,11597,Counter-Strike,11/1/2000,Valve,Valve,top_1000
9/22/2023,12:05,11597,Counter-Strike,11/1/2000,Valve,Valve,top_1000
9/22/2023,12:06,11597,Counter-Strike,11/1/2000,Valve,Valve,top_1000
9/22/2023,12:07,11413,Counter-Strike,11/1/2000,Valve,Valve,top_1000
9/22/2023,12:08,11413,Counter-Strike,11/1/2000,Valve,Valve,top_1000
9/22/2023,12:09,11413,Counter-Strike,11/1/2000,Valve,Valve,top_1000
9/22/2023,12:10,11413,Counter-Strike,11/1/2000,Valve,Valve,top_1000
9/22/2023,12:11,11413,Counter-Strike,11/1/2000,Valve,Valve,top_1000
9/22/2023,12:12,11155,Counter-Strike,11/1/2000,Valve,Valve,top_1000
9/22/2023,12:13,11155,Counter-Strike,11/1/2000,Valve,Valve,top_1000
9/22/2023,12:14,11155,Counter-Strike,11/1/2000,Valve,Valve,top_1000
9/22/2023,12:15,11155,Counter-Strike,11/1/2000,Valve,Valve,top_1000
9/22/2023,12:16,11155,Counter-Strike,11/1/2000,Valve,Valve,top_1000
9/22/2023,12:17,10942,Counter-Strike,11/1/2000,Valve,Valve,top_1000
9/22/2023,12:18,10942,Counter-Strike,11/1/2000,Valve,Valve,top_1000
9/22/2023,12:19,10942,Counter-Strike,11/1/2000,Valve,Valve,top_1000
9/22/2023,12:20,10942,Counter-Strike,11/1/2000,Valve,Valve,top_1000
9/22/2023,12:21,10942,Counter-Strike,11/1/2000,Valve,Valve,top_1000
9/22/2023,12:22,10739,Counter-Strike,11/1/2000,Valve,Valve,top_1000
9/22/2023,12:23,10739,Counter-Strike,11/1/2000,Valve,Valve,top_1000
9/22/2023,12:24,10739,Counter-Strike,11/1/2000,Valve,Valve,top_1000
9/22/2023,12:25,10739,Counter-Strike,11/1/2000,Valve,Valve,top_1000
9/22/2023,12:26,10739,Counter-Strike,11/1/2000,Valve,Valve,top_1000
9/22/2023,12:27,10625,Counter-Strike,11/1/2000,Valve,Valve,top_1000
9/22/2023,12:28,10625,Counter-Strike,11/1/2000,Valve,Valve,top_1000
9/22/2023,12:29,10625,Counter-Strike,11/1/2000,Valve,Valve,top_1000
9/22/2023,12:30,10625,Counter-Strike,11/1/2000,Valve,Valve,top_1000
9/22/2023,12:31,10625,Counter-Strike,11/1/2000,Valve,Valve,top_1000
9/22/2023,12:32,10465,Counter-Strike,11/1/2000,Valve,Valve,top_1000
9/22/2023,12:33,10465,Counter-Strike,11/1/2000,Valve,Valve,top_1000
9/22/2023,12:34,10465,Counter-Strike,11/1/2000,Valve,Valve,top_1000
9/22/2023,12:35,10465,Counter-Strike,11/1/2000,Valve,Valve,top_1000
9/22/2023,12:36,10465,Counter-Strike,11/1/2000,Valve,Valve,top_1000
9/22/2023,12:37,10297,Counter-Strike,11/1/2000,Valve,Valve,top_1000
9/22/2023,12:38,10297,Counter-Strike,11/1/2000,Valve,Valve,top_1000
9/22/2023,12:39,10297,Counter-Strike,11/1/2000,Valve,Valve,top_1000
9/22/2023,12:40,10297,Counter-Strike,11/1/2000,Valve,Valve,top_1000
9/22/2023,12:41,10297,Counter-Strike,11/1/2000,Valve,Valve,top_1000
9/22/2023,12:42,10109,Counter-Strike,11/1/2000,Valve,Valve,top_1000
9/22/2023,12:43,10109,Counter-Strike,11/1/2000,Valve,Valve,top_1000
9/22/2023,12:44,10109,Counter-Strike,11/1/2000,Valve,Valve,top_1000
9/22/2023,12:45,10109,Counter-Strike,11/1/2000,Valve,Valve,top_1000
9/22/2023,12:46,10109,Counter-Strike,11/1/2000,Valve,Valve,top_1000
9/22/2023,12:47,9998,Counter-Strike,11/1/2000,Valve,Valve,top_1000
9/22/2023,12:48,9998,Counter-Strike,11/1/2000,Valve,Valve,top_1000
9/22/2023,12:49,9998,Counter-Strike,11/1/2000,Valve,Valve,top_1000
9/22/2023,12:50,9998,Counter-Strike,11/1/2000,Valve,Valve,top_1000
9/22/2023,12:51,9998,Counter-Strike,11/1/2000,Valve,Valve,top_1000
9/22/2023,12:52,9820,Counter-Strike,11/1/2000,Valve,Valve,top_1000
9/22/2023,12:53,9820,Counter-Strike,11/1/2000,Valve,Valve,top_1000
9/22/2023,12:54,9820,Counter-Strike,11/1/2000,Valve,Valve,top_1000
9/22/2023,12:55,9820,Counter-Strike,11/1/2000,Valve,Valve,top_1000
9/22/2023,12:56,9820,Counter-Strike,11/1/2000,Valve,Valve,top_1000
9/22/2023,12:57,9708,Counter-Strike,11/1/2000,Valve,Valve,top_1000
9/22/2023,12:58,9708,Counter-Strike,11/1/2000,Valve,Valve,top_1000
9/22/2023,12:59,9708,Counter-Strike,11/1/2000,Valve,Valve,top_1000
9/22/2023,13:00,9708,Counter-Strike,11/1/2000,Valve,Valve,top_1000
9/22/2023,13:01,9708,Counter-Strike,11/1/2000,Valve,Valve,top_1000
9/22/2023,13:02,9566,Counter-Strike,11/1/2000,Valve,Valve,top_1000
9/22/2023,13:03,9566,Counter-Strike,11/1/2000,Valve,Valve,top_1000
9/22/2023,13:04,9566,Counter-Strike,11/1/2000,Valve,Valve,top_1000
9/22/2023,13:05,9566,Counter-Strike,11/1/2000,Valve,Valve,top_1000
9/22/2023,13:06,9566,Counter-Strike,11/1/2000,Valve,Valve,top_1000
9/22/2023,13:07,9435,Counter-Strike,11/1/2000,Valve,Valve,top_1000
9/22/2023,13:08,9435,Counter-Strike,11/1/2000,Valve,Valve,top_1000
9/22/2023,13:09,9435,Counter-Strike,11/1/2000,Valve,Valve,top_1000
9/22/2023,13:10,9435,Counter-Strike,11/1/2000,Valve,Valve,top_1000
9/22/2023,13:11,9435,Counter-Strike,11/1/2000,Valve,Valve,top_1000
9/22/2023,13:12,9299,Counter-Strike,11/1/2000,Valve,Valve,top_1000
9/22/2023,13:13,9299,Counter-Strike,11/1/2000,Valve,Valve,top_1000
9/22/2023,13:14,9299,Counter-Strike,11/1/2000,Valve,Valve,top_1000
9/22/2023,13:15,9299,Counter-Strike,11/1/2000,Valve,Valve,top_1000
9/22/2023,13:16,9299,Counter-Strike,11/1/2000,Valve,Valve,top_1000
9/22/2023,13:17,9178,Counter-Strike,11/1/2000,Valve,Valve,top_1000
9/22/2023,13:18,9178,Counter-Strike,11/1/2000,Valve,Valve,top_1000
9/22/2023,13:19,9178,Counter-Strike,11/1/2000,Valve,Valve,top_1000
9/22/2023,13:20,9178,Counter-Strike,11/1/2000,Valve,Valve,top_1000
9/22/2023,13:21,9178,Counter-Strike,11/1/2000,Valve,Valve,top_1000
9/22/2023,13:22,9080,Counter-Strike,11/1/2000,Valve,Valve,top_1000
9/22/2023,13:23,9080,Counter-Strike,11/1/2000,Valve,Valve,top_1000
9/22/2023,13:24,9080,Counter-Strike,11/1/2000,Valve,Valve,top_1000
9/22/2023,13:25,9080,Counter-Strike,11/1/2000,Valve,Valve,top_1000
9/22/2023,13:26,9080,Counter-Strike,11/1/2000,Valve,Valve,top_1000
9/22/2023,13:27,8992,Counter-Strike,11/1/2000,Valve,Valve,top_1000
9/22/2023,13:28,8992,Counter-Strike,11/1/2000,Valve,Valve,top_1000
9/22/2023,13:29,8992,Counter-Strike,11/1/2000,Valve,Valve,top_1000
9/22/2023,13:30,8992,Counter-Strike,11/1/2000,Valve,Valve,top_1000
9/22/2023,13:31,8992,Counter-Strike,11/1/2000,Valve,Valve,top_1000
9/22/2023,13:32,8883,Counter-Strike,11/1/2000,Valve,Valve,top_1000
9/22/2023,13:33,8883,Counter-Strike,11/1/2000,Valve,Valve,top_1000
9/22/2023,13:34,8883,Counter-Strike,11/1/2000,Valve,Valve,top_1000
9/22/2023,13:35,8883,Counter-Strike,11/1/2000,Valve,Valve,top_1000
9/22/2023,13:36,8883,Counter-Strike,11/1/2000,Valve,Valve,top_1000
9/22/2023,13:37,8773,Counter-Strike,11/1/2000,Valve,Valve,top_1000
9/22/2023,13:38,8773,Counter-Strike,11/1/2000,Valve,Valve,top_1000
9/22/2023,13:39,8773,Counter-Strike,11/1/2000,Valve,Valve,top_1000
9/22/2023,13:40,8773,Counter-Strike,11/1/2000,Valve,Valve,top_1000
9/22/2023,13:41,8773,Counter-Strike,11/1/2000,Valve,Valve,top_1000
9/22/2023,13:42,8693,Counter-Strike,11/1/2000,Valve,Valve,top_1000
9/22/2023,13:43,8693,Counter-Strike,11/1/2000,Valve,Valve,top_1000
9/22/2023,13:44,8693,Counter-Strike,11/1/2000,Valve,Valve,top_1000
9/22/2023,13:45,8693,Counter-Strike,11/1/2000,Valve,Valve,top_1000
9/22/2023,13:46,8693,Counter-Strike,11/1/2000,Valve,Valve,top_1000
9/22/2023,13:47,8588,Counter-Strike,11/1/2000,Valve,Valve,top_1000
9/22/2023,13:48,8588,Counter-Strike,11/1/2000,Valve,Valve,top_1000
9/22/2023,13:49,8588,Counter-Strike,11/1/2000,Valve,Valve,top_1000
9/22/2023,13:50,8588,Counter-Strike,11/1/2000,Valve,Valve,top_1000
9/22/2023,13:51,8588,Counter-Strike,11/1/2000,Valve,Valve,top_1000
9/22/2023,13:52,8537,Counter-Strike,11/1/2000,Valve,Valve,top_1000
9/22/2023,13:53,8537,Counter-Strike,11/1/2000,Valve,Valve,top_1000
9/22/2023,13:54,8537,Counter-Strike,11/1/2000,Valve,Valve,top_1000
9/22/2023,13:55,8537,Counter-Strike,11/1/2000,Valve,Valve,top_1000
9/22/2023,13:56,8537,Counter-Strike,11/1/2000,Valve,Valve,top_1000
9/22/2023,13:57,8485,Counter-Strike,11/1/2000,Valve,Valve,top_1000
9/22/2023,13:58,8485,Counter-Strike,11/1/2000,Valve,Valve,top_1000
9/22/2023,13:59,8485,Counter-Strike,11/1/2000,Valve,Valve,top_1000
9/22/2023,14:00,8485,Counter-Strike,11/1/2000,Valve,Valve,top_1000
9/22/2023,14:01,8485,Counter-Strike,11/1/2000,Valve,Valve,top_1000
9/22/2023,14:02,8380,Counter-Strike,11/1/2000,Valve,Valve,top_1000
9/22/2023,14:03,8380,Counter-Strike,11/1/2000,Valve,Valve,top_1000
9/22/2023,14:04,8380,Counter-Strike,11/1/2000,Valve,Valve,top_1000
9/22/2023,14:05,8380,Counter-Strike,11/1/2000,Valve,Valve,top_1000
9/22/2023,14:06,8380,Counter-Strike,11/1/2000,Valve,Valve,top_1000
9/22/2023,14:07,8334,Counter-Strike,11/1/2000,Valve,Valve,top_1000
9/22/2023,14:08,8334,Counter-Strike,11/1/2000,Valve,Valve,top_1000
9/22/2023,14:09,8334,Counter-Strike,11/1/2000,Valve,Valve,top_1000
9/22/2023,14:10,8334,Counter-Strike,11/1/2000,Valve,Valve,top_1000
9/22/2023,14:11,8334,Counter-Strike,11/1/2000,Valve,Valve,top_1000
9/22/2023,14:12,8256,Counter-Strike,11/1/2000,Valve,Valve,top_1000
9/22/2023,14:13,8256,Counter-Strike,11/1/2000,Valve,Valve,top_1000
9/22/2023,14:14,8256,Counter-Strike,11/1/2000,Valve,Valve,top_1000
9/22/2023,14:15,8256,Counter-Strike,11/1/2000,Valve,Valve,top_1000
9/22/2023,14:16,8256,Counter-Strike,11/1/2000,Valve,Valve,top_1000
9/22/2023,14:17,8249,Counter-Strike,11/1/2000,Valve,Valve,top_1000
9/22/2023,14:18,8249,Counter-Strike,11/1/2000,Valve,Valve,top_1000
9/22/2023,14:19,8249,Counter-Strike,11/1/2000,Valve,Valve,top_1000
9/22/2023,14:20,8249,Counter-Strike,11/1/2000,Valve,Valve,top_1000
9/22/2023,14:21,8249,Counter-Strike,11/1/2000,Valve,Valve,top_1000
9/22/2023,14:22,8182,Counter-Strike,11/1/2000,Valve,Valve,top_1000
9/22/2023,14:23,8182,Counter-Strike,11/1/2000,Valve,Valve,top_1000
9/22/2023,14:24,8182,Counter-Strike,11/1/2000,Valve,Valve,top_1000
9/22/2023,14:25,8182,Counter-Strike,11/1/2000,Valve,Valve,top_1000
9/22/2023,14:26,8182,Counter-Strike,11/1/2000,Valve,Valve,top_1000
9/22/2023,14:27,8134,Counter-Strike,11/1/2000,Valve,Valve,top_1000
9/22/2023,14:28,8134,Counter-Strike,11/1/2000,Valve,Valve,top_1000
9/22/2023,14:29,8134,Counter-Strike,11/1/2000,Valve,Valve,top_1000
9/22/2023,14:30,8134,Counter-Strike,11/1/2000,Valve,Valve,top_1000
9/22/2023,14:31,8134,Counter-Strike,11/1/2000,Valve,Valve,top_1000
9/22/2023,14:32,8071,Counter-Strike,11/1/2000,Valve,Valve,top_1000
9/22/2023,14:33,8071,Counter-Strike,11/1/2000,Valve,Valve,top_1000
9/22/2023,14:34,8071,Counter-Strike,11/1/2000,Valve,Valve,top_1000
9/22/2023,14:35,8071,Counter-Strike,11/1/2000,Valve,Valve,top_1000
9/22/2023,14:36,8071,Counter-Strike,11/1/2000,Valve,Valve,top_1000
9/22/2023,14:37,8065,Counter-Strike,11/1/2000,Valve,Valve,top_1000
9/22/2023,14:38,8065,Counter-Strike,11/1/2000,Valve,Valve,top_1000
9/22/2023,14:39,8065,Counter-Strike,11/1/2000,Valve,Valve,top_1000
9/22/2023,14:40,8065,Counter-Strike,11/1/2000,Valve,Valve,top_1000
9/22/2023,14:41,8065,Counter-Strike,11/1/2000,Valve,Valve,top_1000
9/22/2023,14:42,7999,Counter-Strike,11/1/2000,Valve,Valve,top_1000
9/22/2023,14:43,7999,Counter-Strike,11/1/2000,Valve,Valve,top_1000
9/22/2023,14:44,7999,Counter-Strike,11/1/2000,Valve,Valve,top_1000
9/22/2023,14:45,7999,Counter-Strike,11/1/2000,Valve,Valve,top_1000
9/22/2023,14:46,7999,Counter-Strike,11/1/2000,Valve,Valve,top_1000
9/22/2023,14:47,7991,Counter-Strike,11/1/2000,Valve,Valve,top_1000
9/22/2023,14:48,7991,Counter-Strike,11/1/2000,Valve,Valve,top_1000
9/22/2023,14:49,7991,Counter-Strike,11/1/2000,Valve,Valve,top_1000
9/22/2023,14:50,7991,Counter-Strike,11/1/2000,Valve,Valve,top_1000
9/22/2023,14:51,7991,Counter-Strike,11/1/2000,Valve,Valve,top_1000
9/22/2023,14:52,7967,Counter-Strike,11/1/2000,Valve,Valve,top_1000
9/22/2023,14:53,7967,Counter-Strike,11/1/2000,Valve,Valve,top_1000
9/22/2023,14:54,7967,Counter-Strike,11/1/2000,Valve,Valve,top_1000
9/22/2023,14:55,7967,Counter-Strike,11/1/2000,Valve,Valve,top_1000
9/22/2023,14:56,7967,Counter-Strike,11/1/2000,Valve,Valve,top_1000
9/22/2023,14:57,8002,Counter-Strike,11/1/2000,Valve,Valve,top_1000
9/22/2023,14:58,8002,Counter-Strike,11/1/2000,Valve,Valve,top_1000
9/22/2023,14:59,8002,Counter-Strike,11/1/2000,Valve,Valve,top_1000
9/22/2023,15:00,8002,Counter-Strike,11/1/2000,Valve,Valve,top_1000
9/22/2023,15:01,8002,Counter-Strike,11/1/2000,Valve,Valve,top_1000
9/22/2023,15:02,7975,Counter-Strike,11/1/2000,Valve,Valve,top_1000
9/22/2023,15:03,7975,Counter-Strike,11/1/2000,Valve,Valve,top_1000
9/22/2023,15:04,7975,Counter-Strike,11/1/2000,Valve,Valve,top_1000
9/22/2023,15:05,7975,Counter-Strike,11/1/2000,Valve,Valve,top_1000
9/22/2023,15:06,7975,Counter-Strike,11/1/2000,Valve,Valve,top_1000
9/22/2023,15:07,7892,Counter-Strike,11/1/2000,Valve,Valve,top_1000
9/22/2023,15:08,7892,Counter-Strike,11/1/2000,Valve,Valve,top_1000
9/22/2023,15:09,7892,Counter-Strike,11/1/2000,Valve,Valve,top_1000
9/22/2023,15:10,7892,Counter-Strike,11/1/2000,Valve,Valve,top_1000
9/22/2023,15:11,7892,Counter-Strike,11/1/2000,Valve,Valve,top_1000
9/22/2023,15:12,7812,Counter-Strike,11/1/2000,Valve,Valve,top_1000
9/22/2023,15:13,7812,Counter-Strike,11/1/2000,Valve,Valve,top_1000
9/22/2023,15:14,7812,Counter-Strike,11/1/2000,Valve,Valve,top_1000
9/22/2023,15:15,7812,Counter-Strike,11/1/2000,Valve,Valve,top_1000
9/22/2023,15:16,7812,Counter-Strike,11/1/2000,Valve,Valve,top_1000
9/22/2023,15:17,7767,Counter-Strike,11/1/2000,Valve,Valve,top_1000
9/22/2023,15:18,7767,Counter-Strike,11/1/2000,Valve,Valve,top_1000
9/22/2023,15:19,7767,Counter-Strike,11/1/2000,Valve,Valve,top_1000
9/22/2023,15:20,7767,Counter-Strike,11/1/2000,Valve,Valve,top_1000
9/22/2023,15:21,7767,Counter-Strike,11/1/2000,Valve,Valve,top_1000
9/22/2023,15:22,7765,Counter-Strike,11/1/2000,Valve,Valve,top_1000
9/22/2023,15:23,7765,Counter-Strike,11/1/2000,Valve,Valve,top_1000
9/22/2023,15:24,7765,Counter-Strike,11/1/2000,Valve,Valve,top_1000
9/22/2023,15:25,7765,Counter-Strike,11/1/2000,Valve,Valve,top_1000
9/22/2023,15:26,7765,Counter-Strike,11/1/2000,Valve,Valve,top_1000
9/22/2023,15:27,7766,Counter-Strike,11/1/2000,Valve,Valve,top_1000
9/22/2023,15:28,7766,Counter-Strike,11/1/2000,Valve,Valve,top_1000
9/22/2023,15:29,7766,Counter-Strike,11/1/2000,Valve,Valve,top_1000
9/22/2023,15:30,7766,Counter-Strike,11/1/2000,Valve,Valve,top_1000
9/22/2023,15:31,7766,Counter-Strike,11/1/2000,Valve,Valve,top_1000
9/22/2023,15:32,7767,Counter-Strike,11/1/2000,Valve,Valve,top_1000
9/22/2023,15:33,7767,Counter-Strike,11/1/2000,Valve,Valve,top_1000
9/22/2023,15:34,7767,Counter-Strike,11/1/2000,Valve,Valve,top_1000
9/22/2023,15:35,7767,Counter-Strike,11/1/2000,Valve,Valve,top_1000
9/22/2023,15:36,7767,Counter-Strike,11/1/2000,Valve,Valve,top_1000
9/22/2023,15:37,7732,Counter-Strike,11/1/2000,Valve,Valve,top_1000
9/22/2023,15:38,7732,Counter-Strike,11/1/2000,Valve,Valve,top_1000
9/22/2023,15:39,7732,Counter-Strike,11/1/2000,Valve,Valve,top_1000
9/22/2023,15:40,7732,Counter-Strike,11/1/2000,Valve,Valve,top_1000
9/22/2023,15:41,7732,Counter-Strike,11/1/2000,Valve,Valve,top_1000
9/22/2023,15:42,7742,Counter-Strike,11/1/2000,Valve,Valve,top_1000
9/22/2023,15:43,7742,Counter-Strike,11/1/2000,Valve,Valve,top_1000
9/22/2023,15:44,7742,Counter-Strike,11/1/2000,Valve,Valve,top_1000
9/22/2023,15:45,7742,Counter-Strike,11/1/2000,Valve,Valve,top_1000
9/22/2023,15:46,7742,Counter-Strike,11/1/2000,Valve,Valve,top_1000
9/22/2023,15:47,7759,Counter-Strike,11/1/2000,Valve,Valve,top_1000
9/22/2023,15:48,7759,Counter-Strike,11/1/2000,Valve,Valve,top_1000
9/22/2023,15:49,7759,Counter-Strike,11/1/2000,Valve,Valve,top_1000
9/22/2023,15:50,7759,Counter-Strike,11/1/2000,Valve,Valve,top_1000
9/22/2023,15:51,7759,Counter-Strike,11/1/2000,Valve,Valve,top_1000
9/22/2023,15:52,7785,Counter-Strike,11/1/2000,Valve,Valve,top_1000
9/22/2023,15:53,7785,Counter-Strike,11/1/2000,Valve,Valve,top_1000
9/22/2023,15:54,7785,Counter-Strike,11/1/2000,Valve,Valve,top_1000
9/22/2023,15:55,7785,Counter-Strike,11/1/2000,Valve,Valve,top_1000
9/22/2023,15:56,7785,Counter-Strike,11/1/2000,Valve,Valve,top_1000
9/22/2023,15:57,7766,Counter-Strike,11/1/2000,Valve,Valve,top_1000
