Date,Time,player_count,title
9/21/2023,15:57,1410640,PLAYERUNKNOWNS BATTLEGROUNDS
9/21/2023,15:58,1410640,PLAYERUNKNOWNS BATTLEGROUNDS
9/21/2023,15:59,1410640,PLAYERUNKNOWNS BATTLEGROUNDS
9/21/2023,16:00,1410640,PLAYERUNKNOWNS BATTLEGROUNDS
9/21/2023,16:01,1410640,PLAYERUNKNOWNS BATTLEGROUNDS
9/21/2023,16:02,1445884,PLAYERUNKNOWNS BATTLEGROUNDS
9/21/2023,16:03,1445884,PLAYERUNKNOWNS BATTLEGROUNDS
9/21/2023,16:04,1445884,PLAYERUNKNOWNS BATTLEGROUNDS
9/21/2023,16:05,1445884,PLAYERUNKNOWNS BATTLEGROUNDS
9/21/2023,16:06,1445884,PLAYERUNKNOWNS BATTLEGROUNDS
9/21/2023,16:07,1481754,PLAYERUNKNOWNS BATTLEGROUNDS
9/21/2023,16:08,1481754,PLAYERUNKNOWNS BATTLEGROUNDS
9/21/2023,16:09,1481754,PLAYERUNKNOWNS BATTLEGROUNDS
9/21/2023,16:10,1481754,PLAYERUNKNOWNS BATTLEGROUNDS
9/21/2023,16:11,1481754,PLAYERUNKNOWNS BATTLEGROUNDS
9/21/2023,16:12,1519023,PLAYERUNKNOWNS BATTLEGROUNDS
9/21/2023,16:13,1519023,PLAYERUNKNOWNS BATTLEGROUNDS
9/21/2023,16:14,1519023,PLAYERUNKNOWNS BATTLEGROUNDS
9/21/2023,16:15,1519023,PLAYERUNKNOWNS BATTLEGROUNDS
9/21/2023,16:16,1519023,PLAYERUNKNOWNS BATTLEGROUNDS
9/21/2023,16:17,1556832,PLAYERUNKNOWNS BATTLEGROUNDS
9/21/2023,16:18,1556832,PLAYERUNKNOWNS BATTLEGROUNDS
9/21/2023,16:19,1556832,PLAYERUNKNOWNS BATTLEGROUNDS
9/21/2023,16:20,1556832,PLAYERUNKNOWNS BATTLEGROUNDS
9/21/2023,16:21,1556832,PLAYERUNKNOWNS BATTLEGROUNDS
9/21/2023,16:22,1597920,PLAYERUNKNOWNS BATTLEGROUNDS
9/21/2023,16:23,1597920,PLAYERUNKNOWNS BATTLEGROUNDS
9/21/2023,16:24,1597920,PLAYERUNKNOWNS BATTLEGROUNDS
9/21/2023,16:25,1597920,PLAYERUNKNOWNS BATTLEGROUNDS
9/21/2023,16:26,1597920,PLAYERUNKNOWNS BATTLEGROUNDS
9/21/2023,16:27,1640487,PLAYERUNKNOWNS BATTLEGROUNDS
9/21/2023,16:28,1640487,PLAYERUNKNOWNS BATTLEGROUNDS
9/21/2023,16:29,1640487,PLAYERUNKNOWNS BATTLEGROUNDS
9/21/2023,16:30,1640487,PLAYERUNKNOWNS BATTLEGROUNDS
9/21/2023,16:31,1640487,PLAYERUNKNOWNS BATTLEGROUNDS
9/21/2023,16:32,1683185,PLAYERUNKNOWNS BATTLEGROUNDS
9/21/2023,16:33,1683185,PLAYERUNKNOWNS BATTLEGROUNDS
9/21/2023,16:34,1683185,PLAYERUNKNOWNS BATTLEGROUNDS
9/21/2023,16:35,1683185,PLAYERUNKNOWNS BATTLEGROUNDS
9/21/2023,16:36,1683185,PLAYERUNKNOWNS BATTLEGROUNDS
9/21/2023,16:37,1727180,PLAYERUNKNOWNS BATTLEGROUNDS
9/21/2023,16:38,1727180,PLAYERUNKNOWNS BATTLEGROUNDS
9/21/2023,16:39,1727180,PLAYERUNKNOWNS BATTLEGROUNDS
9/21/2023,16:40,1727180,PLAYERUNKNOWNS BATTLEGROUNDS
9/21/2023,16:41,1727180,PLAYERUNKNOWNS BATTLEGROUNDS
9/21/2023,16:42,1770059,PLAYERUNKNOWNS BATTLEGROUNDS
9/21/2023,16:43,1770059,PLAYERUNKNOWNS BATTLEGROUNDS
9/21/2023,16:44,1770059,PLAYERUNKNOWNS BATTLEGROUNDS
9/21/2023,16:45,1770059,PLAYERUNKNOWNS BATTLEGROUNDS
9/21/2023,16:46,1770059,PLAYERUNKNOWNS BATTLEGROUNDS
9/21/2023,16:47,1812871,PLAYERUNKNOWNS BATTLEGROUNDS
9/21/2023,16:48,1812871,PLAYERUNKNOWNS BATTLEGROUNDS
9/21/2023,16:49,1812871,PLAYERUNKNOWNS BATTLEGROUNDS
9/21/2023,16:50,1812871,PLAYERUNKNOWNS BATTLEGROUNDS
9/21/2023,16:51,1812871,PLAYERUNKNOWNS BATTLEGROUNDS
9/21/2023,16:52,1855496,PLAYERUNKNOWNS BATTLEGROUNDS
9/21/2023,16:53,1855496,PLAYERUNKNOWNS BATTLEGROUNDS
9/21/2023,16:54,1855496,PLAYERUNKNOWNS BATTLEGROUNDS
9/21/2023,16:55,1855496,PLAYERUNKNOWNS BATTLEGROUNDS
9/21/2023,16:56,1855496,PLAYERUNKNOWNS BATTLEGROUNDS
9/21/2023,16:57,1899096,PLAYERUNKNOWNS BATTLEGROUNDS
9/21/2023,16:58,1899096,PLAYERUNKNOWNS BATTLEGROUNDS
9/21/2023,16:59,1899096,PLAYERUNKNOWNS BATTLEGROUNDS
9/21/2023,17:00,1899096,PLAYERUNKNOWNS BATTLEGROUNDS
9/21/2023,17:01,1899096,PLAYERUNKNOWNS BATTLEGROUNDS
9/21/2023,17:02,1943188,PLAYERUNKNOWNS BATTLEGROUNDS
9/21/2023,17:03,1943188,PLAYERUNKNOWNS BATTLEGROUNDS
9/21/2023,17:04,1943188,PLAYERUNKNOWNS BATTLEGROUNDS
9/21/2023,17:05,1943188,PLAYERUNKNOWNS BATTLEGROUNDS
9/21/2023,17:06,1943188,PLAYERUNKNOWNS BATTLEGROUNDS
9/21/2023,17:07,1986793,PLAYERUNKNOWNS BATTLEGROUNDS
9/21/2023,17:08,1986793,PLAYERUNKNOWNS BATTLEGROUNDS
9/21/2023,17:09,1986793,PLAYERUNKNOWNS BATTLEGROUNDS
9/21/2023,17:10,1986793,PLAYERUNKNOWNS BATTLEGROUNDS
9/21/2023,17:11,1986793,PLAYERUNKNOWNS BATTLEGROUNDS
9/21/2023,17:12,2028210,PLAYERUNKNOWNS BATTLEGROUNDS
9/21/2023,17:13,2028210,PLAYERUNKNOWNS BATTLEGROUNDS
9/21/2023,17:14,2028210,PLAYERUNKNOWNS BATTLEGROUNDS
9/21/2023,17:15,2028210,PLAYERUNKNOWNS BATTLEGROUNDS
9/21/2023,17:16,2028210,PLAYERUNKNOWNS BATTLEGROUNDS
9/21/2023,17:17,2068395,PLAYERUNKNOWNS BATTLEGROUNDS
9/21/2023,17:18,2068395,PLAYERUNKNOWNS BATTLEGROUNDS
9/21/2023,17:19,2068395,PLAYERUNKNOWNS BATTLEGROUNDS
9/21/2023,17:20,2068395,PLAYERUNKNOWNS BATTLEGROUNDS
9/21/2023,17:21,2068395,PLAYERUNKNOWNS BATTLEGROUNDS
9/21/2023,17:22,2108967,PLAYERUNKNOWNS BATTLEGROUNDS
9/21/2023,17:23,2108967,PLAYERUNKNOWNS BATTLEGROUNDS
9/21/2023,17:24,2108967,PLAYERUNKNOWNS BATTLEGROUNDS
9/21/2023,17:25,2108967,PLAYERUNKNOWNS BATTLEGROUNDS
9/21/2023,17:26,2108967,PLAYERUNKNOWNS BATTLEGROUNDS
9/21/2023,17:27,2147700,PLAYERUNKNOWNS BATTLEGROUNDS
9/21/2023,17:28,2147700,PLAYERUNKNOWNS BATTLEGROUNDS
9/21/2023,17:29,2147700,PLAYERUNKNOWNS BATTLEGROUNDS
9/21/2023,17:30,2147700,PLAYERUNKNOWNS BATTLEGROUNDS
9/21/2023,17:31,2147700,PLAYERUNKNOWNS BATTLEGROUNDS
9/21/2023,17:32,2187078,PLAYERUNKNOWNS BATTLEGROUNDS
9/21/2023,17:33,2187078,PLAYERUNKNOWNS BATTLEGROUNDS
9/21/2023,17:34,2187078,PLAYERUNKNOWNS BATTLEGROUNDS
9/21/2023,17:35,2187078,PLAYERUNKNOWNS BATTLEGROUNDS
9/21/2023,17:36,2187078,PLAYERUNKNOWNS BATTLEGROUNDS
9/21/2023,17:37,2223377,PLAYERUNKNOWNS BATTLEGROUNDS
9/21/2023,17:38,2223377,PLAYERUNKNOWNS BATTLEGROUNDS
9/21/2023,17:39,2223377,PLAYERUNKNOWNS BATTLEGROUNDS
9/21/2023,17:40,2223377,PLAYERUNKNOWNS BATTLEGROUNDS
9/21/2023,17:41,2223377,PLAYERUNKNOWNS BATTLEGROUNDS
9/21/2023,17:42,2256779,PLAYERUNKNOWNS BATTLEGROUNDS
9/21/2023,17:43,2256779,PLAYERUNKNOWNS BATTLEGROUNDS
9/21/2023,17:44,2256779,PLAYERUNKNOWNS BATTLEGROUNDS
9/21/2023,17:45,2256779,PLAYERUNKNOWNS BATTLEGROUNDS
9/21/2023,17:46,2256779,PLAYERUNKNOWNS BATTLEGROUNDS
9/21/2023,17:47,2286207,PLAYERUNKNOWNS BATTLEGROUNDS
9/21/2023,17:48,2286207,PLAYERUNKNOWNS BATTLEGROUNDS
9/21/2023,17:49,2286207,PLAYERUNKNOWNS BATTLEGROUNDS
9/21/2023,17:50,2286207,PLAYERUNKNOWNS BATTLEGROUNDS
9/21/2023,17:51,2286207,PLAYERUNKNOWNS BATTLEGROUNDS
9/21/2023,17:52,2315336,PLAYERUNKNOWNS BATTLEGROUNDS
9/21/2023,17:53,2315336,PLAYERUNKNOWNS BATTLEGROUNDS
9/21/2023,17:54,2315336,PLAYERUNKNOWNS BATTLEGROUNDS
9/21/2023,17:55,2315336,PLAYERUNKNOWNS BATTLEGROUNDS
9/21/2023,17:56,2315336,PLAYERUNKNOWNS BATTLEGROUNDS
9/21/2023,17:57,2346236,PLAYERUNKNOWNS BATTLEGROUNDS
9/21/2023,17:58,2346236,PLAYERUNKNOWNS BATTLEGROUNDS
9/21/2023,17:59,2346236,PLAYERUNKNOWNS BATTLEGROUNDS
9/21/2023,18:00,2346236,PLAYERUNKNOWNS BATTLEGROUNDS
9/21/2023,18:01,2346236,PLAYERUNKNOWNS BATTLEGROUNDS
9/21/2023,18:02,2375870,PLAYERUNKNOWNS BATTLEGROUNDS
9/21/2023,18:03,2375870,PLAYERUNKNOWNS BATTLEGROUNDS
9/21/2023,18:04,2375870,PLAYERUNKNOWNS BATTLEGROUNDS
9/21/2023,18:05,2375870,PLAYERUNKNOWNS BATTLEGROUNDS
9/21/2023,18:06,2375870,PLAYERUNKNOWNS BATTLEGROUNDS
9/21/2023,18:07,2403467,PLAYERUNKNOWNS BATTLEGROUNDS
9/21/2023,18:08,2403467,PLAYERUNKNOWNS BATTLEGROUNDS
9/21/2023,18:09,2403467,PLAYERUNKNOWNS BATTLEGROUNDS
9/21/2023,18:10,2403467,PLAYERUNKNOWNS BATTLEGROUNDS
9/21/2023,18:11,2403467,PLAYERUNKNOWNS BATTLEGROUNDS
9/21/2023,18:12,2428118,PLAYERUNKNOWNS BATTLEGROUNDS
9/21/2023,18:13,2428118,PLAYERUNKNOWNS BATTLEGROUNDS
9/21/2023,18:14,2428118,PLAYERUNKNOWNS BATTLEGROUNDS
9/21/2023,18:15,2428118,PLAYERUNKNOWNS BATTLEGROUNDS
9/21/2023,18:16,2428118,PLAYERUNKNOWNS BATTLEGROUNDS
9/21/2023,18:17,2451074,PLAYERUNKNOWNS BATTLEGROUNDS
9/21/2023,18:18,2451074,PLAYERUNKNOWNS BATTLEGROUNDS
9/21/2023,18:19,2451074,PLAYERUNKNOWNS BATTLEGROUNDS
9/21/2023,18:20,2451074,PLAYERUNKNOWNS BATTLEGROUNDS
9/21/2023,18:21,2451074,PLAYERUNKNOWNS BATTLEGROUNDS
9/21/2023,18:22,2473904,PLAYERUNKNOWNS BATTLEGROUNDS
9/21/2023,18:23,2473904,PLAYERUNKNOWNS BATTLEGROUNDS
9/21/2023,18:24,2473904,PLAYERUNKNOWNS BATTLEGROUNDS
9/21/2023,18:25,2473904,PLAYERUNKNOWNS BATTLEGROUNDS
9/21/2023,18:26,2473904,PLAYERUNKNOWNS BATTLEGROUNDS
9/21/2023,18:27,2493630,PLAYERUNKNOWNS BATTLEGROUNDS
9/21/2023,18:28,2493630,PLAYERUNKNOWNS BATTLEGROUNDS
9/21/2023,18:29,2493630,PLAYERUNKNOWNS BATTLEGROUNDS
9/21/2023,18:30,2493630,PLAYERUNKNOWNS BATTLEGROUNDS
9/21/2023,18:31,2493630,PLAYERUNKNOWNS BATTLEGROUNDS
9/21/2023,18:32,2511409,PLAYERUNKNOWNS BATTLEGROUNDS
9/21/2023,18:33,2511409,PLAYERUNKNOWNS BATTLEGROUNDS
9/21/2023,18:34,2511409,PLAYERUNKNOWNS BATTLEGROUNDS
9/21/2023,18:35,2511409,PLAYERUNKNOWNS BATTLEGROUNDS
9/21/2023,18:36,2511409,PLAYERUNKNOWNS BATTLEGROUNDS
9/21/2023,18:37,2528762,PLAYERUNKNOWNS BATTLEGROUNDS
9/21/2023,18:38,2528762,PLAYERUNKNOWNS BATTLEGROUNDS
9/21/2023,18:39,2528762,PLAYERUNKNOWNS BATTLEGROUNDS
9/21/2023,18:40,2528762,PLAYERUNKNOWNS BATTLEGROUNDS
9/21/2023,18:41,2528762,PLAYERUNKNOWNS BATTLEGROUNDS
9/21/2023,18:42,2543960,PLAYERUNKNOWNS BATTLEGROUNDS
9/21/2023,18:43,2543960,PLAYERUNKNOWNS BATTLEGROUNDS
9/21/2023,18:44,2543960,PLAYERUNKNOWNS BATTLEGROUNDS
9/21/2023,18:45,2543960,PLAYERUNKNOWNS BATTLEGROUNDS
9/21/2023,18:46,2543960,PLAYERUNKNOWNS BATTLEGROUNDS
9/21/2023,18:47,2553830,PLAYERUNKNOWNS BATTLEGROUNDS
9/21/2023,18:48,2553830,PLAYERUNKNOWNS BATTLEGROUNDS
9/21/2023,18:49,2553830,PLAYERUNKNOWNS BATTLEGROUNDS
9/21/2023,18:50,2553830,PLAYERUNKNOWNS BATTLEGROUNDS
9/21/2023,18:51,2553830,PLAYERUNKNOWNS BATTLEGROUNDS
9/21/2023,18:52,2564012,PLAYERUNKNOWNS BATTLEGROUNDS
9/21/2023,18:53,2564012,PLAYERUNKNOWNS BATTLEGROUNDS
9/21/2023,18:54,2564012,PLAYERUNKNOWNS BATTLEGROUNDS
9/21/2023,18:55,2564012,PLAYERUNKNOWNS BATTLEGROUNDS
9/21/2023,18:56,2564012,PLAYERUNKNOWNS BATTLEGROUNDS
9/21/2023,18:57,2572344,PLAYERUNKNOWNS BATTLEGROUNDS
9/21/2023,18:58,2572344,PLAYERUNKNOWNS BATTLEGROUNDS
9/21/2023,18:59,2572344,PLAYERUNKNOWNS BATTLEGROUNDS
9/21/2023,19:00,2572344,PLAYERUNKNOWNS BATTLEGROUNDS
9/21/2023,19:01,2572344,PLAYERUNKNOWNS BATTLEGROUNDS
9/21/2023,19:02,2579043,PLAYERUNKNOWNS BATTLEGROUNDS
9/21/2023,19:03,2579043,PLAYERUNKNOWNS BATTLEGROUNDS
9/21/2023,19:04,2579043,PLAYERUNKNOWNS BATTLEGROUNDS
9/21/2023,19:05,2579043,PLAYERUNKNOWNS BATTLEGROUNDS
9/21/2023,19:06,2579043,PLAYERUNKNOWNS BATTLEGROUNDS
9/21/2023,19:07,2584428,PLAYERUNKNOWNS BATTLEGROUNDS
9/21/2023,19:08,2584428,PLAYERUNKNOWNS BATTLEGROUNDS
9/21/2023,19:09,2584428,PLAYERUNKNOWNS BATTLEGROUNDS
9/21/2023,19:10,2584428,PLAYERUNKNOWNS BATTLEGROUNDS
9/21/2023,19:11,2584428,PLAYERUNKNOWNS BATTLEGROUNDS
9/21/2023,19:12,2588164,PLAYERUNKNOWNS BATTLEGROUNDS
9/21/2023,19:13,2588164,PLAYERUNKNOWNS BATTLEGROUNDS
9/21/2023,19:14,2588164,PLAYERUNKNOWNS BATTLEGROUNDS
9/21/2023,19:15,2588164,PLAYERUNKNOWNS BATTLEGROUNDS
9/21/2023,19:16,2588164,PLAYERUNKNOWNS BATTLEGROUNDS
9/21/2023,19:17,2589595,PLAYERUNKNOWNS BATTLEGROUNDS
9/21/2023,19:18,2589595,PLAYERUNKNOWNS BATTLEGROUNDS
9/21/2023,19:19,2589595,PLAYERUNKNOWNS BATTLEGROUNDS
9/21/2023,19:20,2589595,PLAYERUNKNOWNS BATTLEGROUNDS
9/21/2023,19:21,2589595,PLAYERUNKNOWNS BATTLEGROUNDS
9/21/2023,19:22,2587851,PLAYERUNKNOWNS BATTLEGROUNDS
9/21/2023,19:23,2587851,PLAYERUNKNOWNS BATTLEGROUNDS
9/21/2023,19:24,2587851,PLAYERUNKNOWNS BATTLEGROUNDS
9/21/2023,19:25,2587851,PLAYERUNKNOWNS BATTLEGROUNDS
9/21/2023,19:26,2587851,PLAYERUNKNOWNS BATTLEGROUNDS
9/21/2023,19:27,2587113,PLAYERUNKNOWNS BATTLEGROUNDS
9/21/2023,19:28,2587113,PLAYERUNKNOWNS BATTLEGROUNDS
9/21/2023,19:29,2587113,PLAYERUNKNOWNS BATTLEGROUNDS
9/21/2023,19:30,2587113,PLAYERUNKNOWNS BATTLEGROUNDS
9/21/2023,19:31,2587113,PLAYERUNKNOWNS BATTLEGROUNDS
9/21/2023,19:32,2583937,PLAYERUNKNOWNS BATTLEGROUNDS
9/21/2023,19:33,2583937,PLAYERUNKNOWNS BATTLEGROUNDS
9/21/2023,19:34,2583937,PLAYERUNKNOWNS BATTLEGROUNDS
9/21/2023,19:35,2583937,PLAYERUNKNOWNS BATTLEGROUNDS
9/21/2023,19:36,2583937,PLAYERUNKNOWNS BATTLEGROUNDS
9/21/2023,19:37,2579251,PLAYERUNKNOWNS BATTLEGROUNDS
9/21/2023,19:38,2579251,PLAYERUNKNOWNS BATTLEGROUNDS
9/21/2023,19:39,2579251,PLAYERUNKNOWNS BATTLEGROUNDS
9/21/2023,19:40,2579251,PLAYERUNKNOWNS BATTLEGROUNDS
9/21/2023,19:41,2579251,PLAYERUNKNOWNS BATTLEGROUNDS
9/21/2023,19:42,2569933,PLAYERUNKNOWNS BATTLEGROUNDS
9/21/2023,19:43,2569933,PLAYERUNKNOWNS BATTLEGROUNDS
9/21/2023,19:44,2569933,PLAYERUNKNOWNS BATTLEGROUNDS
9/21/2023,19:45,2569933,PLAYERUNKNOWNS BATTLEGROUNDS
9/21/2023,19:46,2569933,PLAYERUNKNOWNS BATTLEGROUNDS
9/21/2023,19:47,2560823,PLAYERUNKNOWNS BATTLEGROUNDS
9/21/2023,19:48,2560823,PLAYERUNKNOWNS BATTLEGROUNDS
9/21/2023,19:49,2560823,PLAYERUNKNOWNS BATTLEGROUNDS
9/21/2023,19:50,2560823,PLAYERUNKNOWNS BATTLEGROUNDS
9/21/2023,19:51,2560823,PLAYERUNKNOWNS BATTLEGROUNDS
9/21/2023,19:52,2551286,PLAYERUNKNOWNS BATTLEGROUNDS
9/21/2023,19:53,2551286,PLAYERUNKNOWNS BATTLEGROUNDS
9/21/2023,19:54,2551286,PLAYERUNKNOWNS BATTLEGROUNDS
9/21/2023,19:55,2551286,PLAYERUNKNOWNS BATTLEGROUNDS
9/21/2023,19:56,2551286,PLAYERUNKNOWNS BATTLEGROUNDS
9/21/2023,19:57,2539267,PLAYERUNKNOWNS BATTLEGROUNDS
9/21/2023,19:58,2539267,PLAYERUNKNOWNS BATTLEGROUNDS
9/21/2023,19:59,2539267,PLAYERUNKNOWNS BATTLEGROUNDS
9/21/2023,20:00,2539267,PLAYERUNKNOWNS BATTLEGROUNDS
9/21/2023,20:01,2539267,PLAYERUNKNOWNS BATTLEGROUNDS
9/21/2023,20:02,2526005,PLAYERUNKNOWNS BATTLEGROUNDS
9/21/2023,20:03,2526005,PLAYERUNKNOWNS BATTLEGROUNDS
9/21/2023,20:04,2526005,PLAYERUNKNOWNS BATTLEGROUNDS
9/21/2023,20:05,2526005,PLAYERUNKNOWNS BATTLEGROUNDS
9/21/2023,20:06,2526005,PLAYERUNKNOWNS BATTLEGROUNDS
9/21/2023,20:07,2508114,PLAYERUNKNOWNS BATTLEGROUNDS
9/21/2023,20:08,2508114,PLAYERUNKNOWNS BATTLEGROUNDS
9/21/2023,20:09,2508114,PLAYERUNKNOWNS BATTLEGROUNDS
9/21/2023,20:10,2508114,PLAYERUNKNOWNS BATTLEGROUNDS
9/21/2023,20:11,2508114,PLAYERUNKNOWNS BATTLEGROUNDS
9/21/2023,20:12,2485809,PLAYERUNKNOWNS BATTLEGROUNDS
9/21/2023,20:13,2485809,PLAYERUNKNOWNS BATTLEGROUNDS
9/21/2023,20:14,2485809,PLAYERUNKNOWNS BATTLEGROUNDS
9/21/2023,20:15,2485809,PLAYERUNKNOWNS BATTLEGROUNDS
9/21/2023,20:16,2485809,PLAYERUNKNOWNS BATTLEGROUNDS
9/21/2023,20:17,2462335,PLAYERUNKNOWNS BATTLEGROUNDS
9/21/2023,20:18,2462335,PLAYERUNKNOWNS BATTLEGROUNDS
9/21/2023,20:19,2462335,PLAYERUNKNOWNS BATTLEGROUNDS
9/21/2023,20:20,2462335,PLAYERUNKNOWNS BATTLEGROUNDS
9/21/2023,20:21,2462335,PLAYERUNKNOWNS BATTLEGROUNDS
9/21/2023,20:22,2437329,PLAYERUNKNOWNS BATTLEGROUNDS
9/21/2023,20:23,2437329,PLAYERUNKNOWNS BATTLEGROUNDS
9/21/2023,20:24,2437329,PLAYERUNKNOWNS BATTLEGROUNDS
9/21/2023,20:25,2437329,PLAYERUNKNOWNS BATTLEGROUNDS
9/21/2023,20:26,2437329,PLAYERUNKNOWNS BATTLEGROUNDS
9/21/2023,20:27,2412611,PLAYERUNKNOWNS BATTLEGROUNDS
9/21/2023,20:28,2412611,PLAYERUNKNOWNS BATTLEGROUNDS
9/21/2023,20:29,2412611,PLAYERUNKNOWNS BATTLEGROUNDS
9/21/2023,20:30,2412611,PLAYERUNKNOWNS BATTLEGROUNDS
9/21/2023,20:31,2412611,PLAYERUNKNOWNS BATTLEGROUNDS
9/21/2023,20:32,2387446,PLAYERUNKNOWNS BATTLEGROUNDS
9/21/2023,20:33,2387446,PLAYERUNKNOWNS BATTLEGROUNDS
9/21/2023,20:34,2387446,PLAYERUNKNOWNS BATTLEGROUNDS
9/21/2023,20:35,2387446,PLAYERUNKNOWNS BATTLEGROUNDS
9/21/2023,20:36,2387446,PLAYERUNKNOWNS BATTLEGROUNDS
9/21/2023,20:37,2359688,PLAYERUNKNOWNS BATTLEGROUNDS
9/21/2023,20:38,2359688,PLAYERUNKNOWNS BATTLEGROUNDS
9/21/2023,20:39,2359688,PLAYERUNKNOWNS BATTLEGROUNDS
9/21/2023,20:40,2359688,PLAYERUNKNOWNS BATTLEGROUNDS
9/21/2023,20:41,2359688,PLAYERUNKNOWNS BATTLEGROUNDS
9/21/2023,20:42,2331702,PLAYERUNKNOWNS BATTLEGROUNDS
9/21/2023,20:43,2331702,PLAYERUNKNOWNS BATTLEGROUNDS
9/21/2023,20:44,2331702,PLAYERUNKNOWNS BATTLEGROUNDS
9/21/2023,20:45,2331702,PLAYERUNKNOWNS BATTLEGROUNDS
9/21/2023,20:46,2331702,PLAYERUNKNOWNS BATTLEGROUNDS
9/21/2023,20:47,2305420,PLAYERUNKNOWNS BATTLEGROUNDS
9/21/2023,20:48,2305420,PLAYERUNKNOWNS BATTLEGROUNDS
9/21/2023,20:49,2305420,PLAYERUNKNOWNS BATTLEGROUNDS
9/21/2023,20:50,2305420,PLAYERUNKNOWNS BATTLEGROUNDS
9/21/2023,20:51,2305420,PLAYERUNKNOWNS BATTLEGROUNDS
9/21/2023,20:52,2279349,PLAYERUNKNOWNS BATTLEGROUNDS
9/21/2023,20:53,2279349,PLAYERUNKNOWNS BATTLEGROUNDS
9/21/2023,20:54,2279349,PLAYERUNKNOWNS BATTLEGROUNDS
9/21/2023,20:55,2279349,PLAYERUNKNOWNS BATTLEGROUNDS
9/21/2023,20:56,2279349,PLAYERUNKNOWNS BATTLEGROUNDS
9/21/2023,20:57,2252528,PLAYERUNKNOWNS BATTLEGROUNDS
9/21/2023,20:58,2252528,PLAYERUNKNOWNS BATTLEGROUNDS
9/21/2023,20:59,2252528,PLAYERUNKNOWNS BATTLEGROUNDS
9/21/2023,21:00,2252528,PLAYERUNKNOWNS BATTLEGROUNDS
9/21/2023,21:01,2252528,PLAYERUNKNOWNS BATTLEGROUNDS
9/21/2023,21:02,2227699,PLAYERUNKNOWNS BATTLEGROUNDS
9/21/2023,21:03,2227699,PLAYERUNKNOWNS BATTLEGROUNDS
9/21/2023,21:04,2227699,PLAYERUNKNOWNS BATTLEGROUNDS
9/21/2023,21:05,2227699,PLAYERUNKNOWNS BATTLEGROUNDS
9/21/2023,21:06,2227699,PLAYERUNKNOWNS BATTLEGROUNDS
9/21/2023,21:07,2204628,PLAYERUNKNOWNS BATTLEGROUNDS
9/21/2023,21:08,2204628,PLAYERUNKNOWNS BATTLEGROUNDS
9/21/2023,21:09,2204628,PLAYERUNKNOWNS BATTLEGROUNDS
9/21/2023,21:10,2204628,PLAYERUNKNOWNS BATTLEGROUNDS
9/21/2023,21:11,2204628,PLAYERUNKNOWNS BATTLEGROUNDS
9/21/2023,21:12,2183506,PLAYERUNKNOWNS BATTLEGROUNDS
9/21/2023,21:13,2183506,PLAYERUNKNOWNS BATTLEGROUNDS
9/21/2023,21:14,2183506,PLAYERUNKNOWNS BATTLEGROUNDS
9/21/2023,21:15,2183506,PLAYERUNKNOWNS BATTLEGROUNDS
9/21/2023,21:16,2183506,PLAYERUNKNOWNS BATTLEGROUNDS
9/21/2023,21:17,2166764,PLAYERUNKNOWNS BATTLEGROUNDS
9/21/2023,21:18,2166764,PLAYERUNKNOWNS BATTLEGROUNDS
9/21/2023,21:19,2166764,PLAYERUNKNOWNS BATTLEGROUNDS
9/21/2023,21:20,2166764,PLAYERUNKNOWNS BATTLEGROUNDS
9/21/2023,21:21,2166764,PLAYERUNKNOWNS BATTLEGROUNDS
9/21/2023,21:22,2154425,PLAYERUNKNOWNS BATTLEGROUNDS
9/21/2023,21:23,2154425,PLAYERUNKNOWNS BATTLEGROUNDS
9/21/2023,21:24,2154425,PLAYERUNKNOWNS BATTLEGROUNDS
9/21/2023,21:25,2154425,PLAYERUNKNOWNS BATTLEGROUNDS
9/21/2023,21:26,2154425,PLAYERUNKNOWNS BATTLEGROUNDS
9/21/2023,21:27,2146791,PLAYERUNKNOWNS BATTLEGROUNDS
9/21/2023,21:28,2146791,PLAYERUNKNOWNS BATTLEGROUNDS
9/21/2023,21:29,2146791,PLAYERUNKNOWNS BATTLEGROUNDS
9/21/2023,21:30,2146791,PLAYERUNKNOWNS BATTLEGROUNDS
9/21/2023,21:31,2146791,PLAYERUNKNOWNS BATTLEGROUNDS
9/21/2023,21:32,2142971,PLAYERUNKNOWNS BATTLEGROUNDS
9/21/2023,21:33,2142971,PLAYERUNKNOWNS BATTLEGROUNDS
9/21/2023,21:34,2142971,PLAYERUNKNOWNS BATTLEGROUNDS
9/21/2023,21:35,2142971,PLAYERUNKNOWNS BATTLEGROUNDS
9/21/2023,21:36,2142971,PLAYERUNKNOWNS BATTLEGROUNDS
9/21/2023,21:37,2142434,PLAYERUNKNOWNS BATTLEGROUNDS
9/21/2023,21:38,2142434,PLAYERUNKNOWNS BATTLEGROUNDS
9/21/2023,21:39,2142434,PLAYERUNKNOWNS BATTLEGROUNDS
9/21/2023,21:40,2142434,PLAYERUNKNOWNS BATTLEGROUNDS
9/21/2023,21:41,2142434,PLAYERUNKNOWNS BATTLEGROUNDS
9/21/2023,21:42,2146927,PLAYERUNKNOWNS BATTLEGROUNDS
9/21/2023,21:43,2146927,PLAYERUNKNOWNS BATTLEGROUNDS
9/21/2023,21:44,2146927,PLAYERUNKNOWNS BATTLEGROUNDS
9/21/2023,21:45,2146927,PLAYERUNKNOWNS BATTLEGROUNDS
9/21/2023,21:46,2146927,PLAYERUNKNOWNS BATTLEGROUNDS
9/21/2023,21:47,2157026,PLAYERUNKNOWNS BATTLEGROUNDS
9/21/2023,21:48,2157026,PLAYERUNKNOWNS BATTLEGROUNDS
9/21/2023,21:49,2157026,PLAYERUNKNOWNS BATTLEGROUNDS
9/21/2023,21:50,2157026,PLAYERUNKNOWNS BATTLEGROUNDS
9/21/2023,21:51,2157026,PLAYERUNKNOWNS BATTLEGROUNDS
9/21/2023,21:52,2169251,PLAYERUNKNOWNS BATTLEGROUNDS
9/21/2023,21:53,2169251,PLAYERUNKNOWNS BATTLEGROUNDS
9/21/2023,21:54,2169251,PLAYERUNKNOWNS BATTLEGROUNDS
9/21/2023,21:55,2169251,PLAYERUNKNOWNS BATTLEGROUNDS
9/21/2023,21:56,2169251,PLAYERUNKNOWNS BATTLEGROUNDS
9/21/2023,21:57,2185038,PLAYERUNKNOWNS BATTLEGROUNDS
9/21/2023,21:58,2185038,PLAYERUNKNOWNS BATTLEGROUNDS
9/21/2023,21:59,2185038,PLAYERUNKNOWNS BATTLEGROUNDS
9/21/2023,22:00,2185038,PLAYERUNKNOWNS BATTLEGROUNDS
9/21/2023,22:01,2185038,PLAYERUNKNOWNS BATTLEGROUNDS
9/21/2023,22:02,2205405,PLAYERUNKNOWNS BATTLEGROUNDS
9/21/2023,22:03,2205405,PLAYERUNKNOWNS BATTLEGROUNDS
9/21/2023,22:04,2205405,PLAYERUNKNOWNS BATTLEGROUNDS
9/21/2023,22:05,2205405,PLAYERUNKNOWNS BATTLEGROUNDS
9/21/2023,22:06,2205405,PLAYERUNKNOWNS BATTLEGROUNDS
9/21/2023,22:07,2227332,PLAYERUNKNOWNS BATTLEGROUNDS
9/21/2023,22:08,2227332,PLAYERUNKNOWNS BATTLEGROUNDS
9/21/2023,22:09,2227332,PLAYERUNKNOWNS BATTLEGROUNDS
9/21/2023,22:10,2227332,PLAYERUNKNOWNS BATTLEGROUNDS
9/21/2023,22:11,2227332,PLAYERUNKNOWNS BATTLEGROUNDS
9/21/2023,22:12,2251561,PLAYERUNKNOWNS BATTLEGROUNDS
9/21/2023,22:13,2251561,PLAYERUNKNOWNS BATTLEGROUNDS
9/21/2023,22:14,2251561,PLAYERUNKNOWNS BATTLEGROUNDS
9/21/2023,22:15,2251561,PLAYERUNKNOWNS BATTLEGROUNDS
9/21/2023,22:16,2251561,PLAYERUNKNOWNS BATTLEGROUNDS
9/21/2023,22:17,2278997,PLAYERUNKNOWNS BATTLEGROUNDS
9/21/2023,22:18,2278997,PLAYERUNKNOWNS BATTLEGROUNDS
9/21/2023,22:19,2278997,PLAYERUNKNOWNS BATTLEGROUNDS
9/21/2023,22:20,2278997,PLAYERUNKNOWNS BATTLEGROUNDS
9/21/2023,22:21,2278997,PLAYERUNKNOWNS BATTLEGROUNDS
9/21/2023,22:22,2309120,PLAYERUNKNOWNS BATTLEGROUNDS
9/21/2023,22:23,2309120,PLAYERUNKNOWNS BATTLEGROUNDS
9/21/2023,22:24,2309120,PLAYERUNKNOWNS BATTLEGROUNDS
9/21/2023,22:25,2309120,PLAYERUNKNOWNS BATTLEGROUNDS
9/21/2023,22:26,2309120,PLAYERUNKNOWNS BATTLEGROUNDS
9/21/2023,22:27,2340220,PLAYERUNKNOWNS BATTLEGROUNDS
9/21/2023,22:28,2340220,PLAYERUNKNOWNS BATTLEGROUNDS
9/21/2023,22:29,2340220,PLAYERUNKNOWNS BATTLEGROUNDS
9/21/2023,22:30,2340220,PLAYERUNKNOWNS BATTLEGROUNDS
9/21/2023,22:31,2340220,PLAYERUNKNOWNS BATTLEGROUNDS
9/21/2023,22:32,2375048,PLAYERUNKNOWNS BATTLEGROUNDS
9/21/2023,22:33,2375048,PLAYERUNKNOWNS BATTLEGROUNDS
9/21/2023,22:34,2375048,PLAYERUNKNOWNS BATTLEGROUNDS
9/21/2023,22:35,2375048,PLAYERUNKNOWNS BATTLEGROUNDS
9/21/2023,22:36,2375048,PLAYERUNKNOWNS BATTLEGROUNDS
9/21/2023,22:37,2410166,PLAYERUNKNOWNS BATTLEGROUNDS
9/21/2023,22:38,2410166,PLAYERUNKNOWNS BATTLEGROUNDS
9/21/2023,22:39,2410166,PLAYERUNKNOWNS BATTLEGROUNDS
9/21/2023,22:40,2410166,PLAYERUNKNOWNS BATTLEGROUNDS
9/21/2023,22:41,2410166,PLAYERUNKNOWNS BATTLEGROUNDS
9/21/2023,22:42,2444318,PLAYERUNKNOWNS BATTLEGROUNDS
9/21/2023,22:43,2444318,PLAYERUNKNOWNS BATTLEGROUNDS
9/21/2023,22:44,2444318,PLAYERUNKNOWNS BATTLEGROUNDS
9/21/2023,22:45,2444318,PLAYERUNKNOWNS BATTLEGROUNDS
9/21/2023,22:46,2444318,PLAYERUNKNOWNS BATTLEGROUNDS
9/21/2023,22:47,2479023,PLAYERUNKNOWNS BATTLEGROUNDS
9/21/2023,22:48,2479023,PLAYERUNKNOWNS BATTLEGROUNDS
9/21/2023,22:49,2479023,PLAYERUNKNOWNS BATTLEGROUNDS
9/21/2023,22:50,2479023,PLAYERUNKNOWNS BATTLEGROUNDS
9/21/2023,22:51,2479023,PLAYERUNKNOWNS BATTLEGROUNDS
9/21/2023,22:52,2516481,PLAYERUNKNOWNS BATTLEGROUNDS
9/21/2023,22:53,2516481,PLAYERUNKNOWNS BATTLEGROUNDS
9/21/2023,22:54,2516481,PLAYERUNKNOWNS BATTLEGROUNDS
9/21/2023,22:55,2516481,PLAYERUNKNOWNS BATTLEGROUNDS
9/21/2023,22:56,2516481,PLAYERUNKNOWNS BATTLEGROUNDS
9/21/2023,22:57,2549218,PLAYERUNKNOWNS BATTLEGROUNDS
9/21/2023,22:58,2549218,PLAYERUNKNOWNS BATTLEGROUNDS
9/21/2023,22:59,2549218,PLAYERUNKNOWNS BATTLEGROUNDS
9/21/2023,23:00,2549218,PLAYERUNKNOWNS BATTLEGROUNDS
9/21/2023,23:01,2549218,PLAYERUNKNOWNS BATTLEGROUNDS
9/21/2023,23:02,2583413,PLAYERUNKNOWNS BATTLEGROUNDS
9/21/2023,23:03,2583413,PLAYERUNKNOWNS BATTLEGROUNDS
9/21/2023,23:04,2583413,PLAYERUNKNOWNS BATTLEGROUNDS
9/21/2023,23:05,2583413,PLAYERUNKNOWNS BATTLEGROUNDS
9/21/2023,23:06,2583413,PLAYERUNKNOWNS BATTLEGROUNDS
9/21/2023,23:07,2620236,PLAYERUNKNOWNS BATTLEGROUNDS
9/21/2023,23:08,2620236,PLAYERUNKNOWNS BATTLEGROUNDS
9/21/2023,23:09,2620236,PLAYERUNKNOWNS BATTLEGROUNDS
9/21/2023,23:10,2620236,PLAYERUNKNOWNS BATTLEGROUNDS
9/21/2023,23:11,2620236,PLAYERUNKNOWNS BATTLEGROUNDS
9/21/2023,23:12,2655556,PLAYERUNKNOWNS BATTLEGROUNDS
9/21/2023,23:13,2655556,PLAYERUNKNOWNS BATTLEGROUNDS
9/21/2023,23:14,2655556,PLAYERUNKNOWNS BATTLEGROUNDS
9/21/2023,23:15,2655556,PLAYERUNKNOWNS BATTLEGROUNDS
9/21/2023,23:16,2655556,PLAYERUNKNOWNS BATTLEGROUNDS
9/21/2023,23:17,2689883,PLAYERUNKNOWNS BATTLEGROUNDS
9/21/2023,23:18,2689883,PLAYERUNKNOWNS BATTLEGROUNDS
9/21/2023,23:19,2689883,PLAYERUNKNOWNS BATTLEGROUNDS
9/21/2023,23:20,2689883,PLAYERUNKNOWNS BATTLEGROUNDS
9/21/2023,23:21,2689883,PLAYERUNKNOWNS BATTLEGROUNDS
9/21/2023,23:22,2723916,PLAYERUNKNOWNS BATTLEGROUNDS
9/21/2023,23:23,2723916,PLAYERUNKNOWNS BATTLEGROUNDS
9/21/2023,23:24,2723916,PLAYERUNKNOWNS BATTLEGROUNDS
9/21/2023,23:25,2723916,PLAYERUNKNOWNS BATTLEGROUNDS
9/21/2023,23:26,2723916,PLAYERUNKNOWNS BATTLEGROUNDS
9/21/2023,23:27,2757595,PLAYERUNKNOWNS BATTLEGROUNDS
9/21/2023,23:28,2757595,PLAYERUNKNOWNS BATTLEGROUNDS
9/21/2023,23:29,2757595,PLAYERUNKNOWNS BATTLEGROUNDS
9/21/2023,23:30,2757595,PLAYERUNKNOWNS BATTLEGROUNDS
9/21/2023,23:31,2757595,PLAYERUNKNOWNS BATTLEGROUNDS
9/21/2023,23:32,0,PLAYERUNKNOWNS BATTLEGROUNDS
9/21/2023,23:33,0,PLAYERUNKNOWNS BATTLEGROUNDS
9/21/2023,23:34,0,PLAYERUNKNOWNS BATTLEGROUNDS
9/21/2023,23:35,0,PLAYERUNKNOWNS BATTLEGROUNDS
9/21/2023,23:36,0,PLAYERUNKNOWNS BATTLEGROUNDS
9/21/2023,23:37,2841377,PLAYERUNKNOWNS BATTLEGROUNDS
9/21/2023,23:38,2841377,PLAYERUNKNOWNS BATTLEGROUNDS
9/21/2023,23:39,2841377,PLAYERUNKNOWNS BATTLEGROUNDS
9/21/2023,23:40,2841377,PLAYERUNKNOWNS BATTLEGROUNDS
9/21/2023,23:41,2841377,PLAYERUNKNOWNS BATTLEGROUNDS
9/21/2023,23:42,2869853,PLAYERUNKNOWNS BATTLEGROUNDS
9/21/2023,23:43,2869853,PLAYERUNKNOWNS BATTLEGROUNDS
9/21/2023,23:44,2869853,PLAYERUNKNOWNS BATTLEGROUNDS
9/21/2023,23:45,2869853,PLAYERUNKNOWNS BATTLEGROUNDS
9/21/2023,23:46,2869853,PLAYERUNKNOWNS BATTLEGROUNDS
9/21/2023,23:47,2894071,PLAYERUNKNOWNS BATTLEGROUNDS
9/21/2023,23:48,2894071,PLAYERUNKNOWNS BATTLEGROUNDS
9/21/2023,23:49,2894071,PLAYERUNKNOWNS BATTLEGROUNDS
9/21/2023,23:50,2894071,PLAYERUNKNOWNS BATTLEGROUNDS
9/21/2023,23:51,2894071,PLAYERUNKNOWNS BATTLEGROUNDS
9/21/2023,23:52,2844503,PLAYERUNKNOWNS BATTLEGROUNDS
9/21/2023,23:53,2844503,PLAYERUNKNOWNS BATTLEGROUNDS
9/21/2023,23:54,2844503,PLAYERUNKNOWNS BATTLEGROUNDS
9/21/2023,23:55,2844503,PLAYERUNKNOWNS BATTLEGROUNDS
9/21/2023,23:56,2844503,PLAYERUNKNOWNS BATTLEGROUNDS
9/21/2023,23:57,2924736,PLAYERUNKNOWNS BATTLEGROUNDS
9/21/2023,23:58,2924736,PLAYERUNKNOWNS BATTLEGROUNDS
9/21/2023,23:59,2924736,PLAYERUNKNOWNS BATTLEGROUNDS
9/22/2023,0:00,2924736,PLAYERUNKNOWNS BATTLEGROUNDS
9/22/2023,0:01,2924736,PLAYERUNKNOWNS BATTLEGROUNDS
9/22/2023,0:02,2942551,PLAYERUNKNOWNS BATTLEGROUNDS
9/22/2023,0:03,2942551,PLAYERUNKNOWNS BATTLEGROUNDS
9/22/2023,0:04,2942551,PLAYERUNKNOWNS BATTLEGROUNDS
9/22/2023,0:05,2942551,PLAYERUNKNOWNS BATTLEGROUNDS
9/22/2023,0:06,2942551,PLAYERUNKNOWNS BATTLEGROUNDS
9/22/2023,0:07,2506725,PLAYERUNKNOWNS BATTLEGROUNDS
9/22/2023,0:08,2506725,PLAYERUNKNOWNS BATTLEGROUNDS
9/22/2023,0:09,2506725,PLAYERUNKNOWNS BATTLEGROUNDS
9/22/2023,0:10,2506725,PLAYERUNKNOWNS BATTLEGROUNDS
9/22/2023,0:11,2506725,PLAYERUNKNOWNS BATTLEGROUNDS
9/22/2023,0:12,2920352,PLAYERUNKNOWNS BATTLEGROUNDS
9/22/2023,0:13,2920352,PLAYERUNKNOWNS BATTLEGROUNDS
9/22/2023,0:14,2920352,PLAYERUNKNOWNS BATTLEGROUNDS
9/22/2023,0:15,2920352,PLAYERUNKNOWNS BATTLEGROUNDS
9/22/2023,0:16,2920352,PLAYERUNKNOWNS BATTLEGROUNDS
9/22/2023,0:17,2945161,PLAYERUNKNOWNS BATTLEGROUNDS
9/22/2023,0:18,2945161,PLAYERUNKNOWNS BATTLEGROUNDS
9/22/2023,0:19,2945161,PLAYERUNKNOWNS BATTLEGROUNDS
9/22/2023,0:20,2945161,PLAYERUNKNOWNS BATTLEGROUNDS
9/22/2023,0:21,2945161,PLAYERUNKNOWNS BATTLEGROUNDS
9/22/2023,0:22,2956841,PLAYERUNKNOWNS BATTLEGROUNDS
9/22/2023,0:23,2956841,PLAYERUNKNOWNS BATTLEGROUNDS
9/22/2023,0:24,2956841,PLAYERUNKNOWNS BATTLEGROUNDS
9/22/2023,0:25,2956841,PLAYERUNKNOWNS BATTLEGROUNDS
9/22/2023,0:26,2956841,PLAYERUNKNOWNS BATTLEGROUNDS
9/22/2023,0:27,2975888,PLAYERUNKNOWNS BATTLEGROUNDS
9/22/2023,0:28,2975888,PLAYERUNKNOWNS BATTLEGROUNDS
9/22/2023,0:29,2975888,PLAYERUNKNOWNS BATTLEGROUNDS
9/22/2023,0:30,2975888,PLAYERUNKNOWNS BATTLEGROUNDS
9/22/2023,0:31,2975888,PLAYERUNKNOWNS BATTLEGROUNDS
9/22/2023,0:32,2990671,PLAYERUNKNOWNS BATTLEGROUNDS
9/22/2023,0:33,2990671,PLAYERUNKNOWNS BATTLEGROUNDS
9/22/2023,0:34,2990671,PLAYERUNKNOWNS BATTLEGROUNDS
9/22/2023,0:35,2990671,PLAYERUNKNOWNS BATTLEGROUNDS
9/22/2023,0:36,2990671,PLAYERUNKNOWNS BATTLEGROUNDS
9/22/2023,0:37,3003415,PLAYERUNKNOWNS BATTLEGROUNDS
9/22/2023,0:38,3003415,PLAYERUNKNOWNS BATTLEGROUNDS
9/22/2023,0:39,3003415,PLAYERUNKNOWNS BATTLEGROUNDS
9/22/2023,0:40,3003415,PLAYERUNKNOWNS BATTLEGROUNDS
9/22/2023,0:41,3003415,PLAYERUNKNOWNS BATTLEGROUNDS
9/22/2023,0:42,3013893,PLAYERUNKNOWNS BATTLEGROUNDS
9/22/2023,0:43,3013893,PLAYERUNKNOWNS BATTLEGROUNDS
9/22/2023,0:44,3013893,PLAYERUNKNOWNS BATTLEGROUNDS
9/22/2023,0:45,3013893,PLAYERUNKNOWNS BATTLEGROUNDS
9/22/2023,0:46,3013893,PLAYERUNKNOWNS BATTLEGROUNDS
9/22/2023,0:47,3022810,PLAYERUNKNOWNS BATTLEGROUNDS
9/22/2023,0:48,3022810,PLAYERUNKNOWNS BATTLEGROUNDS
9/22/2023,0:49,3022810,PLAYERUNKNOWNS BATTLEGROUNDS
9/22/2023,0:50,3022810,PLAYERUNKNOWNS BATTLEGROUNDS
9/22/2023,0:51,3022810,PLAYERUNKNOWNS BATTLEGROUNDS
9/22/2023,0:52,3026288,PLAYERUNKNOWNS BATTLEGROUNDS
9/22/2023,0:53,3026288,PLAYERUNKNOWNS BATTLEGROUNDS
9/22/2023,0:54,3026288,PLAYERUNKNOWNS BATTLEGROUNDS
9/22/2023,0:55,3026288,PLAYERUNKNOWNS BATTLEGROUNDS
9/22/2023,0:56,3026288,PLAYERUNKNOWNS BATTLEGROUNDS
9/22/2023,0:57,3027050,PLAYERUNKNOWNS BATTLEGROUNDS
9/22/2023,0:58,3027050,PLAYERUNKNOWNS BATTLEGROUNDS
9/22/2023,0:59,3027050,PLAYERUNKNOWNS BATTLEGROUNDS
9/22/2023,1:00,3027050,PLAYERUNKNOWNS BATTLEGROUNDS
9/22/2023,1:01,3027050,PLAYERUNKNOWNS BATTLEGROUNDS
9/22/2023,1:02,3024722,PLAYERUNKNOWNS BATTLEGROUNDS
9/22/2023,1:03,3024722,PLAYERUNKNOWNS BATTLEGROUNDS
9/22/2023,1:04,3024722,PLAYERUNKNOWNS BATTLEGROUNDS
9/22/2023,1:05,3024722,PLAYERUNKNOWNS BATTLEGROUNDS
9/22/2023,1:06,3024722,PLAYERUNKNOWNS BATTLEGROUNDS
9/22/2023,1:07,3017776,PLAYERUNKNOWNS BATTLEGROUNDS
9/22/2023,1:08,3017776,PLAYERUNKNOWNS BATTLEGROUNDS
9/22/2023,1:09,3017776,PLAYERUNKNOWNS BATTLEGROUNDS
9/22/2023,1:10,3017776,PLAYERUNKNOWNS BATTLEGROUNDS
9/22/2023,1:11,3017776,PLAYERUNKNOWNS BATTLEGROUNDS
9/22/2023,1:12,3010296,PLAYERUNKNOWNS BATTLEGROUNDS
9/22/2023,1:13,3010296,PLAYERUNKNOWNS BATTLEGROUNDS
9/22/2023,1:14,3010296,PLAYERUNKNOWNS BATTLEGROUNDS
9/22/2023,1:15,3010296,PLAYERUNKNOWNS BATTLEGROUNDS
9/22/2023,1:16,3010296,PLAYERUNKNOWNS BATTLEGROUNDS
9/22/2023,1:17,3006164,PLAYERUNKNOWNS BATTLEGROUNDS
9/22/2023,1:18,3006164,PLAYERUNKNOWNS BATTLEGROUNDS
9/22/2023,1:19,3006164,PLAYERUNKNOWNS BATTLEGROUNDS
9/22/2023,1:20,3006164,PLAYERUNKNOWNS BATTLEGROUNDS
9/22/2023,1:21,3006164,PLAYERUNKNOWNS BATTLEGROUNDS
9/22/2023,1:22,2998606,PLAYERUNKNOWNS BATTLEGROUNDS
9/22/2023,1:23,2998606,PLAYERUNKNOWNS BATTLEGROUNDS
9/22/2023,1:24,2998606,PLAYERUNKNOWNS BATTLEGROUNDS
9/22/2023,1:25,2998606,PLAYERUNKNOWNS BATTLEGROUNDS
9/22/2023,1:26,2998606,PLAYERUNKNOWNS BATTLEGROUNDS
9/22/2023,1:27,0,PLAYERUNKNOWNS BATTLEGROUNDS
9/22/2023,1:28,0,PLAYERUNKNOWNS BATTLEGROUNDS
9/22/2023,1:29,0,PLAYERUNKNOWNS BATTLEGROUNDS
9/22/2023,1:30,0,PLAYERUNKNOWNS BATTLEGROUNDS
9/22/2023,1:31,0,PLAYERUNKNOWNS BATTLEGROUNDS
9/22/2023,1:32,2983858,PLAYERUNKNOWNS BATTLEGROUNDS
9/22/2023,1:33,2983858,PLAYERUNKNOWNS BATTLEGROUNDS
9/22/2023,1:34,2983858,PLAYERUNKNOWNS BATTLEGROUNDS
9/22/2023,1:35,2983858,PLAYERUNKNOWNS BATTLEGROUNDS
9/22/2023,1:36,2983858,PLAYERUNKNOWNS BATTLEGROUNDS
9/22/2023,1:37,2972198,PLAYERUNKNOWNS BATTLEGROUNDS
9/22/2023,1:38,2972198,PLAYERUNKNOWNS BATTLEGROUNDS
9/22/2023,1:39,2972198,PLAYERUNKNOWNS BATTLEGROUNDS
9/22/2023,1:40,2972198,PLAYERUNKNOWNS BATTLEGROUNDS
9/22/2023,1:41,2972198,PLAYERUNKNOWNS BATTLEGROUNDS
9/22/2023,1:42,2959618,PLAYERUNKNOWNS BATTLEGROUNDS
9/22/2023,1:43,2959618,PLAYERUNKNOWNS BATTLEGROUNDS
9/22/2023,1:44,2959618,PLAYERUNKNOWNS BATTLEGROUNDS
9/22/2023,1:45,2959618,PLAYERUNKNOWNS BATTLEGROUNDS
9/22/2023,1:46,2959618,PLAYERUNKNOWNS BATTLEGROUNDS
9/22/2023,1:47,2946813,PLAYERUNKNOWNS BATTLEGROUNDS
9/22/2023,1:48,2946813,PLAYERUNKNOWNS BATTLEGROUNDS
9/22/2023,1:49,2946813,PLAYERUNKNOWNS BATTLEGROUNDS
9/22/2023,1:50,2946813,PLAYERUNKNOWNS BATTLEGROUNDS
9/22/2023,1:51,2946813,PLAYERUNKNOWNS BATTLEGROUNDS
9/22/2023,1:52,2930793,PLAYERUNKNOWNS BATTLEGROUNDS
9/22/2023,1:53,2930793,PLAYERUNKNOWNS BATTLEGROUNDS
9/22/2023,1:54,2930793,PLAYERUNKNOWNS BATTLEGROUNDS
9/22/2023,1:55,2930793,PLAYERUNKNOWNS BATTLEGROUNDS
9/22/2023,1:56,2930793,PLAYERUNKNOWNS BATTLEGROUNDS
9/22/2023,1:57,2912458,PLAYERUNKNOWNS BATTLEGROUNDS
9/22/2023,1:58,2912458,PLAYERUNKNOWNS BATTLEGROUNDS
9/22/2023,1:59,2912458,PLAYERUNKNOWNS BATTLEGROUNDS
9/22/2023,2:00,2912458,PLAYERUNKNOWNS BATTLEGROUNDS
9/22/2023,2:01,2912458,PLAYERUNKNOWNS BATTLEGROUNDS
9/22/2023,2:02,2891954,PLAYERUNKNOWNS BATTLEGROUNDS
9/22/2023,2:03,2891954,PLAYERUNKNOWNS BATTLEGROUNDS
9/22/2023,2:04,2891954,PLAYERUNKNOWNS BATTLEGROUNDS
9/22/2023,2:05,2891954,PLAYERUNKNOWNS BATTLEGROUNDS
9/22/2023,2:06,2891954,PLAYERUNKNOWNS BATTLEGROUNDS
9/22/2023,2:07,2867332,PLAYERUNKNOWNS BATTLEGROUNDS
9/22/2023,2:08,2867332,PLAYERUNKNOWNS BATTLEGROUNDS
9/22/2023,2:09,2867332,PLAYERUNKNOWNS BATTLEGROUNDS
9/22/2023,2:10,2867332,PLAYERUNKNOWNS BATTLEGROUNDS
9/22/2023,2:11,2867332,PLAYERUNKNOWNS BATTLEGROUNDS
9/22/2023,2:12,2840250,PLAYERUNKNOWNS BATTLEGROUNDS
9/22/2023,2:13,2840250,PLAYERUNKNOWNS BATTLEGROUNDS
9/22/2023,2:14,2840250,PLAYERUNKNOWNS BATTLEGROUNDS
9/22/2023,2:15,2840250,PLAYERUNKNOWNS BATTLEGROUNDS
9/22/2023,2:16,2840250,PLAYERUNKNOWNS BATTLEGROUNDS
9/22/2023,2:17,2815206,PLAYERUNKNOWNS BATTLEGROUNDS
9/22/2023,2:18,2815206,PLAYERUNKNOWNS BATTLEGROUNDS
9/22/2023,2:19,2815206,PLAYERUNKNOWNS BATTLEGROUNDS
9/22/2023,2:20,2815206,PLAYERUNKNOWNS BATTLEGROUNDS
9/22/2023,2:21,2815206,PLAYERUNKNOWNS BATTLEGROUNDS
9/22/2023,2:22,2789605,PLAYERUNKNOWNS BATTLEGROUNDS
9/22/2023,2:23,2789605,PLAYERUNKNOWNS BATTLEGROUNDS
9/22/2023,2:24,2789605,PLAYERUNKNOWNS BATTLEGROUNDS
9/22/2023,2:25,2789605,PLAYERUNKNOWNS BATTLEGROUNDS
9/22/2023,2:26,2789605,PLAYERUNKNOWNS BATTLEGROUNDS
9/22/2023,2:27,2764134,PLAYERUNKNOWNS BATTLEGROUNDS
9/22/2023,2:28,2764134,PLAYERUNKNOWNS BATTLEGROUNDS
9/22/2023,2:29,2764134,PLAYERUNKNOWNS BATTLEGROUNDS
9/22/2023,2:30,2764134,PLAYERUNKNOWNS BATTLEGROUNDS
9/22/2023,2:31,2764134,PLAYERUNKNOWNS BATTLEGROUNDS
9/22/2023,2:32,2737330,PLAYERUNKNOWNS BATTLEGROUNDS
9/22/2023,2:33,2737330,PLAYERUNKNOWNS BATTLEGROUNDS
9/22/2023,2:34,2737330,PLAYERUNKNOWNS BATTLEGROUNDS
9/22/2023,2:35,2737330,PLAYERUNKNOWNS BATTLEGROUNDS
9/22/2023,2:36,2737330,PLAYERUNKNOWNS BATTLEGROUNDS
9/22/2023,2:37,2694326,PLAYERUNKNOWNS BATTLEGROUNDS
9/22/2023,2:38,2694326,PLAYERUNKNOWNS BATTLEGROUNDS
9/22/2023,2:39,2694326,PLAYERUNKNOWNS BATTLEGROUNDS
9/22/2023,2:40,2694326,PLAYERUNKNOWNS BATTLEGROUNDS
9/22/2023,2:41,2694326,PLAYERUNKNOWNS BATTLEGROUNDS
9/22/2023,2:42,2672983,PLAYERUNKNOWNS BATTLEGROUNDS
9/22/2023,2:43,2672983,PLAYERUNKNOWNS BATTLEGROUNDS
9/22/2023,2:44,2672983,PLAYERUNKNOWNS BATTLEGROUNDS
9/22/2023,2:45,2672983,PLAYERUNKNOWNS BATTLEGROUNDS
9/22/2023,2:46,2672983,PLAYERUNKNOWNS BATTLEGROUNDS
9/22/2023,2:47,2644856,PLAYERUNKNOWNS BATTLEGROUNDS
9/22/2023,2:48,2644856,PLAYERUNKNOWNS BATTLEGROUNDS
9/22/2023,2:49,2644856,PLAYERUNKNOWNS BATTLEGROUNDS
9/22/2023,2:50,2644856,PLAYERUNKNOWNS BATTLEGROUNDS
9/22/2023,2:51,2644856,PLAYERUNKNOWNS BATTLEGROUNDS
9/22/2023,2:52,2615111,PLAYERUNKNOWNS BATTLEGROUNDS
9/22/2023,2:53,2615111,PLAYERUNKNOWNS BATTLEGROUNDS
9/22/2023,2:54,2615111,PLAYERUNKNOWNS BATTLEGROUNDS
9/22/2023,2:55,2615111,PLAYERUNKNOWNS BATTLEGROUNDS
9/22/2023,2:56,2615111,PLAYERUNKNOWNS BATTLEGROUNDS
9/22/2023,2:57,2581667,PLAYERUNKNOWNS BATTLEGROUNDS
9/22/2023,2:58,2581667,PLAYERUNKNOWNS BATTLEGROUNDS
9/22/2023,2:59,2581667,PLAYERUNKNOWNS BATTLEGROUNDS
9/22/2023,3:00,2581667,PLAYERUNKNOWNS BATTLEGROUNDS
9/22/2023,3:01,2581667,PLAYERUNKNOWNS BATTLEGROUNDS
9/22/2023,3:02,2546550,PLAYERUNKNOWNS BATTLEGROUNDS
9/22/2023,3:03,2546550,PLAYERUNKNOWNS BATTLEGROUNDS
9/22/2023,3:04,2546550,PLAYERUNKNOWNS BATTLEGROUNDS
9/22/2023,3:05,2546550,PLAYERUNKNOWNS BATTLEGROUNDS
9/22/2023,3:06,2546550,PLAYERUNKNOWNS BATTLEGROUNDS
9/22/2023,3:07,2509254,PLAYERUNKNOWNS BATTLEGROUNDS
9/22/2023,3:08,2509254,PLAYERUNKNOWNS BATTLEGROUNDS
9/22/2023,3:09,2509254,PLAYERUNKNOWNS BATTLEGROUNDS
9/22/2023,3:10,2509254,PLAYERUNKNOWNS BATTLEGROUNDS
9/22/2023,3:11,2509254,PLAYERUNKNOWNS BATTLEGROUNDS
9/22/2023,3:12,2407316,PLAYERUNKNOWNS BATTLEGROUNDS
9/22/2023,3:13,2407316,PLAYERUNKNOWNS BATTLEGROUNDS
9/22/2023,3:14,2407316,PLAYERUNKNOWNS BATTLEGROUNDS
9/22/2023,3:15,2407316,PLAYERUNKNOWNS BATTLEGROUNDS
9/22/2023,3:16,2407316,PLAYERUNKNOWNS BATTLEGROUNDS
9/22/2023,3:17,2432778,PLAYERUNKNOWNS BATTLEGROUNDS
9/22/2023,3:18,2432778,PLAYERUNKNOWNS BATTLEGROUNDS
9/22/2023,3:19,2432778,PLAYERUNKNOWNS BATTLEGROUNDS
9/22/2023,3:20,2432778,PLAYERUNKNOWNS BATTLEGROUNDS
9/22/2023,3:21,2432778,PLAYERUNKNOWNS BATTLEGROUNDS
9/22/2023,3:22,2400726,PLAYERUNKNOWNS BATTLEGROUNDS
9/22/2023,3:23,2400726,PLAYERUNKNOWNS BATTLEGROUNDS
9/22/2023,3:24,2400726,PLAYERUNKNOWNS BATTLEGROUNDS
9/22/2023,3:25,2400726,PLAYERUNKNOWNS BATTLEGROUNDS
9/22/2023,3:26,2400726,PLAYERUNKNOWNS BATTLEGROUNDS
9/22/2023,3:27,2299396,PLAYERUNKNOWNS BATTLEGROUNDS
9/22/2023,3:28,2299396,PLAYERUNKNOWNS BATTLEGROUNDS
9/22/2023,3:29,2299396,PLAYERUNKNOWNS BATTLEGROUNDS
9/22/2023,3:30,2299396,PLAYERUNKNOWNS BATTLEGROUNDS
9/22/2023,3:31,2299396,PLAYERUNKNOWNS BATTLEGROUNDS
9/22/2023,3:32,2336576,PLAYERUNKNOWNS BATTLEGROUNDS
9/22/2023,3:33,2336576,PLAYERUNKNOWNS BATTLEGROUNDS
9/22/2023,3:34,2336576,PLAYERUNKNOWNS BATTLEGROUNDS
9/22/2023,3:35,2336576,PLAYERUNKNOWNS BATTLEGROUNDS
9/22/2023,3:36,2336576,PLAYERUNKNOWNS BATTLEGROUNDS
9/22/2023,3:37,2307243,PLAYERUNKNOWNS BATTLEGROUNDS
9/22/2023,3:38,2307243,PLAYERUNKNOWNS BATTLEGROUNDS
9/22/2023,3:39,2307243,PLAYERUNKNOWNS BATTLEGROUNDS
9/22/2023,3:40,2307243,PLAYERUNKNOWNS BATTLEGROUNDS
9/22/2023,3:41,2307243,PLAYERUNKNOWNS BATTLEGROUNDS
9/22/2023,3:42,2276144,PLAYERUNKNOWNS BATTLEGROUNDS
9/22/2023,3:43,2276144,PLAYERUNKNOWNS BATTLEGROUNDS
9/22/2023,3:44,2276144,PLAYERUNKNOWNS BATTLEGROUNDS
9/22/2023,3:45,2276144,PLAYERUNKNOWNS BATTLEGROUNDS
9/22/2023,3:46,2276144,PLAYERUNKNOWNS BATTLEGROUNDS
9/22/2023,3:47,2248763,PLAYERUNKNOWNS BATTLEGROUNDS
9/22/2023,3:48,2248763,PLAYERUNKNOWNS BATTLEGROUNDS
9/22/2023,3:49,2248763,PLAYERUNKNOWNS BATTLEGROUNDS
9/22/2023,3:50,2248763,PLAYERUNKNOWNS BATTLEGROUNDS
9/22/2023,3:51,2248763,PLAYERUNKNOWNS BATTLEGROUNDS
9/22/2023,3:52,2221002,PLAYERUNKNOWNS BATTLEGROUNDS
9/22/2023,3:53,2221002,PLAYERUNKNOWNS BATTLEGROUNDS
9/22/2023,3:54,2221002,PLAYERUNKNOWNS BATTLEGROUNDS
9/22/2023,3:55,2221002,PLAYERUNKNOWNS BATTLEGROUNDS
9/22/2023,3:56,2221002,PLAYERUNKNOWNS BATTLEGROUNDS
9/22/2023,3:57,2192220,PLAYERUNKNOWNS BATTLEGROUNDS
9/22/2023,3:58,2192220,PLAYERUNKNOWNS BATTLEGROUNDS
9/22/2023,3:59,2192220,PLAYERUNKNOWNS BATTLEGROUNDS
9/22/2023,4:00,2192220,PLAYERUNKNOWNS BATTLEGROUNDS
9/22/2023,4:01,2192220,PLAYERUNKNOWNS BATTLEGROUNDS
9/22/2023,4:02,2162755,PLAYERUNKNOWNS BATTLEGROUNDS
9/22/2023,4:03,2162755,PLAYERUNKNOWNS BATTLEGROUNDS
9/22/2023,4:04,2162755,PLAYERUNKNOWNS BATTLEGROUNDS
9/22/2023,4:05,2162755,PLAYERUNKNOWNS BATTLEGROUNDS
9/22/2023,4:06,2162755,PLAYERUNKNOWNS BATTLEGROUNDS
9/22/2023,4:07,2133858,PLAYERUNKNOWNS BATTLEGROUNDS
9/22/2023,4:08,2133858,PLAYERUNKNOWNS BATTLEGROUNDS
9/22/2023,4:09,2133858,PLAYERUNKNOWNS BATTLEGROUNDS
9/22/2023,4:10,2133858,PLAYERUNKNOWNS BATTLEGROUNDS
9/22/2023,4:11,2133858,PLAYERUNKNOWNS BATTLEGROUNDS
9/22/2023,4:12,2105003,PLAYERUNKNOWNS BATTLEGROUNDS
9/22/2023,4:13,2105003,PLAYERUNKNOWNS BATTLEGROUNDS
9/22/2023,4:14,2105003,PLAYERUNKNOWNS BATTLEGROUNDS
9/22/2023,4:15,2105003,PLAYERUNKNOWNS BATTLEGROUNDS
9/22/2023,4:16,2105003,PLAYERUNKNOWNS BATTLEGROUNDS
9/22/2023,4:17,2076404,PLAYERUNKNOWNS BATTLEGROUNDS
9/22/2023,4:18,2076404,PLAYERUNKNOWNS BATTLEGROUNDS
9/22/2023,4:19,2076404,PLAYERUNKNOWNS BATTLEGROUNDS
9/22/2023,4:20,2076404,PLAYERUNKNOWNS BATTLEGROUNDS
9/22/2023,4:21,2076404,PLAYERUNKNOWNS BATTLEGROUNDS
9/22/2023,4:22,2048565,PLAYERUNKNOWNS BATTLEGROUNDS
9/22/2023,4:23,2048565,PLAYERUNKNOWNS BATTLEGROUNDS
9/22/2023,4:24,2048565,PLAYERUNKNOWNS BATTLEGROUNDS
9/22/2023,4:25,2048565,PLAYERUNKNOWNS BATTLEGROUNDS
9/22/2023,4:26,2048565,PLAYERUNKNOWNS BATTLEGROUNDS
9/22/2023,4:27,2021654,PLAYERUNKNOWNS BATTLEGROUNDS
9/22/2023,4:28,2021654,PLAYERUNKNOWNS BATTLEGROUNDS
9/22/2023,4:29,2021654,PLAYERUNKNOWNS BATTLEGROUNDS
9/22/2023,4:30,2021654,PLAYERUNKNOWNS BATTLEGROUNDS
9/22/2023,4:31,2021654,PLAYERUNKNOWNS BATTLEGROUNDS
9/22/2023,4:32,1995474,PLAYERUNKNOWNS BATTLEGROUNDS
9/22/2023,4:33,1995474,PLAYERUNKNOWNS BATTLEGROUNDS
9/22/2023,4:34,1995474,PLAYERUNKNOWNS BATTLEGROUNDS
9/22/2023,4:35,1995474,PLAYERUNKNOWNS BATTLEGROUNDS
9/22/2023,4:36,1995474,PLAYERUNKNOWNS BATTLEGROUNDS
9/22/2023,4:37,1968734,PLAYERUNKNOWNS BATTLEGROUNDS
9/22/2023,4:38,1968734,PLAYERUNKNOWNS BATTLEGROUNDS
9/22/2023,4:39,1968734,PLAYERUNKNOWNS BATTLEGROUNDS
9/22/2023,4:40,1968734,PLAYERUNKNOWNS BATTLEGROUNDS
9/22/2023,4:41,1968734,PLAYERUNKNOWNS BATTLEGROUNDS
9/22/2023,4:42,1941696,PLAYERUNKNOWNS BATTLEGROUNDS
9/22/2023,4:43,1941696,PLAYERUNKNOWNS BATTLEGROUNDS
9/22/2023,4:44,1941696,PLAYERUNKNOWNS BATTLEGROUNDS
9/22/2023,4:45,1941696,PLAYERUNKNOWNS BATTLEGROUNDS
9/22/2023,4:46,1941696,PLAYERUNKNOWNS BATTLEGROUNDS
9/22/2023,4:47,1916317,PLAYERUNKNOWNS BATTLEGROUNDS
9/22/2023,4:48,1916317,PLAYERUNKNOWNS BATTLEGROUNDS
9/22/2023,4:49,1916317,PLAYERUNKNOWNS BATTLEGROUNDS
9/22/2023,4:50,1916317,PLAYERUNKNOWNS BATTLEGROUNDS
9/22/2023,4:51,1916317,PLAYERUNKNOWNS BATTLEGROUNDS
9/22/2023,4:52,1891982,PLAYERUNKNOWNS BATTLEGROUNDS
9/22/2023,4:53,1891982,PLAYERUNKNOWNS BATTLEGROUNDS
9/22/2023,4:54,1891982,PLAYERUNKNOWNS BATTLEGROUNDS
9/22/2023,4:55,1891982,PLAYERUNKNOWNS BATTLEGROUNDS
9/22/2023,4:56,1891982,PLAYERUNKNOWNS BATTLEGROUNDS
9/22/2023,4:57,1867144,PLAYERUNKNOWNS BATTLEGROUNDS
9/22/2023,4:58,1867144,PLAYERUNKNOWNS BATTLEGROUNDS
9/22/2023,4:59,1867144,PLAYERUNKNOWNS BATTLEGROUNDS
9/22/2023,5:00,1867144,PLAYERUNKNOWNS BATTLEGROUNDS
9/22/2023,5:01,1867144,PLAYERUNKNOWNS BATTLEGROUNDS
9/22/2023,5:02,1840784,PLAYERUNKNOWNS BATTLEGROUNDS
9/22/2023,5:03,1840784,PLAYERUNKNOWNS BATTLEGROUNDS
9/22/2023,5:04,1840784,PLAYERUNKNOWNS BATTLEGROUNDS
9/22/2023,5:05,1840784,PLAYERUNKNOWNS BATTLEGROUNDS
9/22/2023,5:06,1840784,PLAYERUNKNOWNS BATTLEGROUNDS
9/22/2023,5:07,1814747,PLAYERUNKNOWNS BATTLEGROUNDS
9/22/2023,5:08,1814747,PLAYERUNKNOWNS BATTLEGROUNDS
9/22/2023,5:09,1814747,PLAYERUNKNOWNS BATTLEGROUNDS
9/22/2023,5:10,1814747,PLAYERUNKNOWNS BATTLEGROUNDS
9/22/2023,5:11,1814747,PLAYERUNKNOWNS BATTLEGROUNDS
9/22/2023,5:12,1788900,PLAYERUNKNOWNS BATTLEGROUNDS
9/22/2023,5:13,1788900,PLAYERUNKNOWNS BATTLEGROUNDS
9/22/2023,5:14,1788900,PLAYERUNKNOWNS BATTLEGROUNDS
9/22/2023,5:15,1788900,PLAYERUNKNOWNS BATTLEGROUNDS
9/22/2023,5:16,1788900,PLAYERUNKNOWNS BATTLEGROUNDS
9/22/2023,5:17,1763478,PLAYERUNKNOWNS BATTLEGROUNDS
9/22/2023,5:18,1763478,PLAYERUNKNOWNS BATTLEGROUNDS
9/22/2023,5:19,1763478,PLAYERUNKNOWNS BATTLEGROUNDS
9/22/2023,5:20,1763478,PLAYERUNKNOWNS BATTLEGROUNDS
9/22/2023,5:21,1763478,PLAYERUNKNOWNS BATTLEGROUNDS
9/22/2023,5:22,1739999,PLAYERUNKNOWNS BATTLEGROUNDS
9/22/2023,5:23,1739999,PLAYERUNKNOWNS BATTLEGROUNDS
9/22/2023,5:24,1739999,PLAYERUNKNOWNS BATTLEGROUNDS
9/22/2023,5:25,1739999,PLAYERUNKNOWNS BATTLEGROUNDS
9/22/2023,5:26,1739999,PLAYERUNKNOWNS BATTLEGROUNDS
9/22/2023,5:27,1714886,PLAYERUNKNOWNS BATTLEGROUNDS
9/22/2023,5:28,1714886,PLAYERUNKNOWNS BATTLEGROUNDS
9/22/2023,5:29,1714886,PLAYERUNKNOWNS BATTLEGROUNDS
9/22/2023,5:30,1714886,PLAYERUNKNOWNS BATTLEGROUNDS
9/22/2023,5:31,1714886,PLAYERUNKNOWNS BATTLEGROUNDS
9/22/2023,5:32,1694294,PLAYERUNKNOWNS BATTLEGROUNDS
9/22/2023,5:33,1694294,PLAYERUNKNOWNS BATTLEGROUNDS
9/22/2023,5:34,1694294,PLAYERUNKNOWNS BATTLEGROUNDS
9/22/2023,5:35,1694294,PLAYERUNKNOWNS BATTLEGROUNDS
9/22/2023,5:36,1694294,PLAYERUNKNOWNS BATTLEGROUNDS
9/22/2023,5:37,1672082,PLAYERUNKNOWNS BATTLEGROUNDS
9/22/2023,5:38,1672082,PLAYERUNKNOWNS BATTLEGROUNDS
9/22/2023,5:39,1672082,PLAYERUNKNOWNS BATTLEGROUNDS
9/22/2023,5:40,1672082,PLAYERUNKNOWNS BATTLEGROUNDS
9/22/2023,5:41,1672082,PLAYERUNKNOWNS BATTLEGROUNDS
9/22/2023,5:42,1651155,PLAYERUNKNOWNS BATTLEGROUNDS
9/22/2023,5:43,1651155,PLAYERUNKNOWNS BATTLEGROUNDS
9/22/2023,5:44,1651155,PLAYERUNKNOWNS BATTLEGROUNDS
9/22/2023,5:45,1651155,PLAYERUNKNOWNS BATTLEGROUNDS
9/22/2023,5:46,1651155,PLAYERUNKNOWNS BATTLEGROUNDS
9/22/2023,5:47,1630902,PLAYERUNKNOWNS BATTLEGROUNDS
9/22/2023,5:48,1630902,PLAYERUNKNOWNS BATTLEGROUNDS
9/22/2023,5:49,1630902,PLAYERUNKNOWNS BATTLEGROUNDS
9/22/2023,5:50,1630902,PLAYERUNKNOWNS BATTLEGROUNDS
9/22/2023,5:51,1630902,PLAYERUNKNOWNS BATTLEGROUNDS
9/22/2023,5:52,1610255,PLAYERUNKNOWNS BATTLEGROUNDS
9/22/2023,5:53,1610255,PLAYERUNKNOWNS BATTLEGROUNDS
9/22/2023,5:54,1610255,PLAYERUNKNOWNS BATTLEGROUNDS
9/22/2023,5:55,1610255,PLAYERUNKNOWNS BATTLEGROUNDS
9/22/2023,5:56,1610255,PLAYERUNKNOWNS BATTLEGROUNDS
9/22/2023,5:57,1590714,PLAYERUNKNOWNS BATTLEGROUNDS
9/22/2023,5:58,1590714,PLAYERUNKNOWNS BATTLEGROUNDS
9/22/2023,5:59,1590714,PLAYERUNKNOWNS BATTLEGROUNDS
9/22/2023,6:00,1590714,PLAYERUNKNOWNS BATTLEGROUNDS
9/22/2023,6:01,1590714,PLAYERUNKNOWNS BATTLEGROUNDS
9/22/2023,6:02,1570577,PLAYERUNKNOWNS BATTLEGROUNDS
9/22/2023,6:03,1570577,PLAYERUNKNOWNS BATTLEGROUNDS
9/22/2023,6:04,1570577,PLAYERUNKNOWNS BATTLEGROUNDS
9/22/2023,6:05,1570577,PLAYERUNKNOWNS BATTLEGROUNDS
9/22/2023,6:06,1570577,PLAYERUNKNOWNS BATTLEGROUNDS
9/22/2023,6:07,1548221,PLAYERUNKNOWNS BATTLEGROUNDS
9/22/2023,6:08,1548221,PLAYERUNKNOWNS BATTLEGROUNDS
9/22/2023,6:09,1548221,PLAYERUNKNOWNS BATTLEGROUNDS
9/22/2023,6:10,1548221,PLAYERUNKNOWNS BATTLEGROUNDS
9/22/2023,6:11,1548221,PLAYERUNKNOWNS BATTLEGROUNDS
9/22/2023,6:12,1531068,PLAYERUNKNOWNS BATTLEGROUNDS
9/22/2023,6:13,1531068,PLAYERUNKNOWNS BATTLEGROUNDS
9/22/2023,6:14,1531068,PLAYERUNKNOWNS BATTLEGROUNDS
9/22/2023,6:15,1531068,PLAYERUNKNOWNS BATTLEGROUNDS
9/22/2023,6:16,1531068,PLAYERUNKNOWNS BATTLEGROUNDS
9/22/2023,6:17,1512868,PLAYERUNKNOWNS BATTLEGROUNDS
9/22/2023,6:18,1512868,PLAYERUNKNOWNS BATTLEGROUNDS
9/22/2023,6:19,1512868,PLAYERUNKNOWNS BATTLEGROUNDS
9/22/2023,6:20,1512868,PLAYERUNKNOWNS BATTLEGROUNDS
9/22/2023,6:21,1512868,PLAYERUNKNOWNS BATTLEGROUNDS
9/22/2023,6:22,1495077,PLAYERUNKNOWNS BATTLEGROUNDS
9/22/2023,6:23,1495077,PLAYERUNKNOWNS BATTLEGROUNDS
9/22/2023,6:24,1495077,PLAYERUNKNOWNS BATTLEGROUNDS
9/22/2023,6:25,1495077,PLAYERUNKNOWNS BATTLEGROUNDS
9/22/2023,6:26,1495077,PLAYERUNKNOWNS BATTLEGROUNDS
9/22/2023,6:27,1477303,PLAYERUNKNOWNS BATTLEGROUNDS
9/22/2023,6:28,1477303,PLAYERUNKNOWNS BATTLEGROUNDS
9/22/2023,6:29,1477303,PLAYERUNKNOWNS BATTLEGROUNDS
9/22/2023,6:30,1477303,PLAYERUNKNOWNS BATTLEGROUNDS
9/22/2023,6:31,1477303,PLAYERUNKNOWNS BATTLEGROUNDS
9/22/2023,6:32,1460942,PLAYERUNKNOWNS BATTLEGROUNDS
9/22/2023,6:33,1460942,PLAYERUNKNOWNS BATTLEGROUNDS
9/22/2023,6:34,1460942,PLAYERUNKNOWNS BATTLEGROUNDS
9/22/2023,6:35,1460942,PLAYERUNKNOWNS BATTLEGROUNDS
9/22/2023,6:36,1460942,PLAYERUNKNOWNS BATTLEGROUNDS
9/22/2023,6:37,1444233,PLAYERUNKNOWNS BATTLEGROUNDS
9/22/2023,6:38,1444233,PLAYERUNKNOWNS BATTLEGROUNDS
9/22/2023,6:39,1444233,PLAYERUNKNOWNS BATTLEGROUNDS
9/22/2023,6:40,1444233,PLAYERUNKNOWNS BATTLEGROUNDS
9/22/2023,6:41,1444233,PLAYERUNKNOWNS BATTLEGROUNDS
9/22/2023,6:42,1428190,PLAYERUNKNOWNS BATTLEGROUNDS
9/22/2023,6:43,1428190,PLAYERUNKNOWNS BATTLEGROUNDS
9/22/2023,6:44,1428190,PLAYERUNKNOWNS BATTLEGROUNDS
9/22/2023,6:45,1428190,PLAYERUNKNOWNS BATTLEGROUNDS
9/22/2023,6:46,1428190,PLAYERUNKNOWNS BATTLEGROUNDS
9/22/2023,6:47,1410920,PLAYERUNKNOWNS BATTLEGROUNDS
9/22/2023,6:48,1410920,PLAYERUNKNOWNS BATTLEGROUNDS
9/22/2023,6:49,1410920,PLAYERUNKNOWNS BATTLEGROUNDS
9/22/2023,6:50,1410920,PLAYERUNKNOWNS BATTLEGROUNDS
9/22/2023,6:51,1410920,PLAYERUNKNOWNS BATTLEGROUNDS
9/22/2023,6:52,1396905,PLAYERUNKNOWNS BATTLEGROUNDS
9/22/2023,6:53,1396905,PLAYERUNKNOWNS BATTLEGROUNDS
9/22/2023,6:54,1396905,PLAYERUNKNOWNS BATTLEGROUNDS
9/22/2023,6:55,1396905,PLAYERUNKNOWNS BATTLEGROUNDS
9/22/2023,6:56,1396905,PLAYERUNKNOWNS BATTLEGROUNDS
9/22/2023,6:57,1381671,PLAYERUNKNOWNS BATTLEGROUNDS
9/22/2023,6:58,1381671,PLAYERUNKNOWNS BATTLEGROUNDS
9/22/2023,6:59,1381671,PLAYERUNKNOWNS BATTLEGROUNDS
9/22/2023,7:00,1381671,PLAYERUNKNOWNS BATTLEGROUNDS
9/22/2023,7:01,1381671,PLAYERUNKNOWNS BATTLEGROUNDS
9/22/2023,7:02,1366078,PLAYERUNKNOWNS BATTLEGROUNDS
9/22/2023,7:03,1366078,PLAYERUNKNOWNS BATTLEGROUNDS
9/22/2023,7:04,1366078,PLAYERUNKNOWNS BATTLEGROUNDS
9/22/2023,7:05,1366078,PLAYERUNKNOWNS BATTLEGROUNDS
9/22/2023,7:06,1366078,PLAYERUNKNOWNS BATTLEGROUNDS
9/22/2023,7:07,1350338,PLAYERUNKNOWNS BATTLEGROUNDS
9/22/2023,7:08,1350338,PLAYERUNKNOWNS BATTLEGROUNDS
9/22/2023,7:09,1350338,PLAYERUNKNOWNS BATTLEGROUNDS
9/22/2023,7:10,1350338,PLAYERUNKNOWNS BATTLEGROUNDS
9/22/2023,7:11,1350338,PLAYERUNKNOWNS BATTLEGROUNDS
9/22/2023,7:12,1335007,PLAYERUNKNOWNS BATTLEGROUNDS
9/22/2023,7:13,1335007,PLAYERUNKNOWNS BATTLEGROUNDS
9/22/2023,7:14,1335007,PLAYERUNKNOWNS BATTLEGROUNDS
9/22/2023,7:15,1335007,PLAYERUNKNOWNS BATTLEGROUNDS
9/22/2023,7:16,1335007,PLAYERUNKNOWNS BATTLEGROUNDS
9/22/2023,7:17,1320892,PLAYERUNKNOWNS BATTLEGROUNDS
9/22/2023,7:18,1320892,PLAYERUNKNOWNS BATTLEGROUNDS
9/22/2023,7:19,1320892,PLAYERUNKNOWNS BATTLEGROUNDS
9/22/2023,7:20,1320892,PLAYERUNKNOWNS BATTLEGROUNDS
9/22/2023,7:21,1320892,PLAYERUNKNOWNS BATTLEGROUNDS
9/22/2023,7:22,1307045,PLAYERUNKNOWNS BATTLEGROUNDS
9/22/2023,7:23,1307045,PLAYERUNKNOWNS BATTLEGROUNDS
9/22/2023,7:24,1307045,PLAYERUNKNOWNS BATTLEGROUNDS
9/22/2023,7:25,1307045,PLAYERUNKNOWNS BATTLEGROUNDS
9/22/2023,7:26,1307045,PLAYERUNKNOWNS BATTLEGROUNDS
9/22/2023,7:27,1294063,PLAYERUNKNOWNS BATTLEGROUNDS
9/22/2023,7:28,1294063,PLAYERUNKNOWNS BATTLEGROUNDS
9/22/2023,7:29,1294063,PLAYERUNKNOWNS BATTLEGROUNDS
9/22/2023,7:30,1294063,PLAYERUNKNOWNS BATTLEGROUNDS
9/22/2023,7:31,1294063,PLAYERUNKNOWNS BATTLEGROUNDS
9/22/2023,7:32,1281089,PLAYERUNKNOWNS BATTLEGROUNDS
9/22/2023,7:33,1281089,PLAYERUNKNOWNS BATTLEGROUNDS
9/22/2023,7:34,1281089,PLAYERUNKNOWNS BATTLEGROUNDS
9/22/2023,7:35,1281089,PLAYERUNKNOWNS BATTLEGROUNDS
9/22/2023,7:36,1281089,PLAYERUNKNOWNS BATTLEGROUNDS
9/22/2023,7:37,1267961,PLAYERUNKNOWNS BATTLEGROUNDS
9/22/2023,7:38,1267961,PLAYERUNKNOWNS BATTLEGROUNDS
9/22/2023,7:39,1267961,PLAYERUNKNOWNS BATTLEGROUNDS
9/22/2023,7:40,1267961,PLAYERUNKNOWNS BATTLEGROUNDS
9/22/2023,7:41,1267961,PLAYERUNKNOWNS BATTLEGROUNDS
9/22/2023,7:42,1255678,PLAYERUNKNOWNS BATTLEGROUNDS
9/22/2023,7:43,1255678,PLAYERUNKNOWNS BATTLEGROUNDS
9/22/2023,7:44,1255678,PLAYERUNKNOWNS BATTLEGROUNDS
9/22/2023,7:45,1255678,PLAYERUNKNOWNS BATTLEGROUNDS
9/22/2023,7:46,1255678,PLAYERUNKNOWNS BATTLEGROUNDS
9/22/2023,7:47,1243438,PLAYERUNKNOWNS BATTLEGROUNDS
9/22/2023,7:48,1243438,PLAYERUNKNOWNS BATTLEGROUNDS
9/22/2023,7:49,1243438,PLAYERUNKNOWNS BATTLEGROUNDS
9/22/2023,7:50,1243438,PLAYERUNKNOWNS BATTLEGROUNDS
9/22/2023,7:51,1243438,PLAYERUNKNOWNS BATTLEGROUNDS
9/22/2023,7:52,1230719,PLAYERUNKNOWNS BATTLEGROUNDS
9/22/2023,7:53,1230719,PLAYERUNKNOWNS BATTLEGROUNDS
9/22/2023,7:54,1230719,PLAYERUNKNOWNS BATTLEGROUNDS
9/22/2023,7:55,1230719,PLAYERUNKNOWNS BATTLEGROUNDS
9/22/2023,7:56,1230719,PLAYERUNKNOWNS BATTLEGROUNDS
9/22/2023,7:57,1218906,PLAYERUNKNOWNS BATTLEGROUNDS
9/22/2023,7:58,1218906,PLAYERUNKNOWNS BATTLEGROUNDS
9/22/2023,7:59,1218906,PLAYERUNKNOWNS BATTLEGROUNDS
9/22/2023,8:00,1218906,PLAYERUNKNOWNS BATTLEGROUNDS
9/22/2023,8:01,1218906,PLAYERUNKNOWNS BATTLEGROUNDS
9/22/2023,8:02,1207362,PLAYERUNKNOWNS BATTLEGROUNDS
9/22/2023,8:03,1207362,PLAYERUNKNOWNS BATTLEGROUNDS
9/22/2023,8:04,1207362,PLAYERUNKNOWNS BATTLEGROUNDS
9/22/2023,8:05,1207362,PLAYERUNKNOWNS BATTLEGROUNDS
9/22/2023,8:06,1207362,PLAYERUNKNOWNS BATTLEGROUNDS
9/22/2023,8:07,1194662,PLAYERUNKNOWNS BATTLEGROUNDS
9/22/2023,8:08,1194662,PLAYERUNKNOWNS BATTLEGROUNDS
9/22/2023,8:09,1194662,PLAYERUNKNOWNS BATTLEGROUNDS
9/22/2023,8:10,1194662,PLAYERUNKNOWNS BATTLEGROUNDS
9/22/2023,8:11,1194662,PLAYERUNKNOWNS BATTLEGROUNDS
9/22/2023,8:12,1181651,PLAYERUNKNOWNS BATTLEGROUNDS
9/22/2023,8:13,1181651,PLAYERUNKNOWNS BATTLEGROUNDS
9/22/2023,8:14,1181651,PLAYERUNKNOWNS BATTLEGROUNDS
9/22/2023,8:15,1181651,PLAYERUNKNOWNS BATTLEGROUNDS
9/22/2023,8:16,1181651,PLAYERUNKNOWNS BATTLEGROUNDS
9/22/2023,8:17,1169168,PLAYERUNKNOWNS BATTLEGROUNDS
9/22/2023,8:18,1169168,PLAYERUNKNOWNS BATTLEGROUNDS
9/22/2023,8:19,1169168,PLAYERUNKNOWNS BATTLEGROUNDS
9/22/2023,8:20,1169168,PLAYERUNKNOWNS BATTLEGROUNDS
9/22/2023,8:21,1169168,PLAYERUNKNOWNS BATTLEGROUNDS
9/22/2023,8:22,1157427,PLAYERUNKNOWNS BATTLEGROUNDS
9/22/2023,8:23,1157427,PLAYERUNKNOWNS BATTLEGROUNDS
9/22/2023,8:24,1157427,PLAYERUNKNOWNS BATTLEGROUNDS
9/22/2023,8:25,1157427,PLAYERUNKNOWNS BATTLEGROUNDS
9/22/2023,8:26,1157427,PLAYERUNKNOWNS BATTLEGROUNDS
9/22/2023,8:27,1145785,PLAYERUNKNOWNS BATTLEGROUNDS
9/22/2023,8:28,1145785,PLAYERUNKNOWNS BATTLEGROUNDS
9/22/2023,8:29,1145785,PLAYERUNKNOWNS BATTLEGROUNDS
9/22/2023,8:30,1145785,PLAYERUNKNOWNS BATTLEGROUNDS
9/22/2023,8:31,1145785,PLAYERUNKNOWNS BATTLEGROUNDS
9/22/2023,8:32,1133474,PLAYERUNKNOWNS BATTLEGROUNDS
9/22/2023,8:33,1133474,PLAYERUNKNOWNS BATTLEGROUNDS
9/22/2023,8:34,1133474,PLAYERUNKNOWNS BATTLEGROUNDS
9/22/2023,8:35,1133474,PLAYERUNKNOWNS BATTLEGROUNDS
9/22/2023,8:36,1133474,PLAYERUNKNOWNS BATTLEGROUNDS
9/22/2023,8:37,1120860,PLAYERUNKNOWNS BATTLEGROUNDS
9/22/2023,8:38,1120860,PLAYERUNKNOWNS BATTLEGROUNDS
9/22/2023,8:39,1120860,PLAYERUNKNOWNS BATTLEGROUNDS
9/22/2023,8:40,1120860,PLAYERUNKNOWNS BATTLEGROUNDS
9/22/2023,8:41,1120860,PLAYERUNKNOWNS BATTLEGROUNDS
9/22/2023,8:42,1109162,PLAYERUNKNOWNS BATTLEGROUNDS
9/22/2023,8:43,1109162,PLAYERUNKNOWNS BATTLEGROUNDS
9/22/2023,8:44,1109162,PLAYERUNKNOWNS BATTLEGROUNDS
9/22/2023,8:45,1109162,PLAYERUNKNOWNS BATTLEGROUNDS
9/22/2023,8:46,1109162,PLAYERUNKNOWNS BATTLEGROUNDS
9/22/2023,8:47,1097237,PLAYERUNKNOWNS BATTLEGROUNDS
9/22/2023,8:48,1097237,PLAYERUNKNOWNS BATTLEGROUNDS
9/22/2023,8:49,1097237,PLAYERUNKNOWNS BATTLEGROUNDS
9/22/2023,8:50,1097237,PLAYERUNKNOWNS BATTLEGROUNDS
9/22/2023,8:51,1097237,PLAYERUNKNOWNS BATTLEGROUNDS
9/22/2023,8:52,1084650,PLAYERUNKNOWNS BATTLEGROUNDS
9/22/2023,8:53,1084650,PLAYERUNKNOWNS BATTLEGROUNDS
9/22/2023,8:54,1084650,PLAYERUNKNOWNS BATTLEGROUNDS
9/22/2023,8:55,1084650,PLAYERUNKNOWNS BATTLEGROUNDS
9/22/2023,8:56,1084650,PLAYERUNKNOWNS BATTLEGROUNDS
9/22/2023,8:57,1071892,PLAYERUNKNOWNS BATTLEGROUNDS
9/22/2023,8:58,1071892,PLAYERUNKNOWNS BATTLEGROUNDS
9/22/2023,8:59,1071892,PLAYERUNKNOWNS BATTLEGROUNDS
9/22/2023,9:00,1071892,PLAYERUNKNOWNS BATTLEGROUNDS
9/22/2023,9:01,1071892,PLAYERUNKNOWNS BATTLEGROUNDS
9/22/2023,9:02,1057413,PLAYERUNKNOWNS BATTLEGROUNDS
9/22/2023,9:03,1057413,PLAYERUNKNOWNS BATTLEGROUNDS
9/22/2023,9:04,1057413,PLAYERUNKNOWNS BATTLEGROUNDS
9/22/2023,9:05,1057413,PLAYERUNKNOWNS BATTLEGROUNDS
9/22/2023,9:06,1057413,PLAYERUNKNOWNS BATTLEGROUNDS
9/22/2023,9:07,1041672,PLAYERUNKNOWNS BATTLEGROUNDS
9/22/2023,9:08,1041672,PLAYERUNKNOWNS BATTLEGROUNDS
9/22/2023,9:09,1041672,PLAYERUNKNOWNS BATTLEGROUNDS
9/22/2023,9:10,1041672,PLAYERUNKNOWNS BATTLEGROUNDS
9/22/2023,9:11,1041672,PLAYERUNKNOWNS BATTLEGROUNDS
9/22/2023,9:12,1023940,PLAYERUNKNOWNS BATTLEGROUNDS
9/22/2023,9:13,1023940,PLAYERUNKNOWNS BATTLEGROUNDS
9/22/2023,9:14,1023940,PLAYERUNKNOWNS BATTLEGROUNDS
9/22/2023,9:15,1023940,PLAYERUNKNOWNS BATTLEGROUNDS
9/22/2023,9:16,1023940,PLAYERUNKNOWNS BATTLEGROUNDS
9/22/2023,9:17,1007413,PLAYERUNKNOWNS BATTLEGROUNDS
9/22/2023,9:18,1007413,PLAYERUNKNOWNS BATTLEGROUNDS
9/22/2023,9:19,1007413,PLAYERUNKNOWNS BATTLEGROUNDS
9/22/2023,9:20,1007413,PLAYERUNKNOWNS BATTLEGROUNDS
9/22/2023,9:21,1007413,PLAYERUNKNOWNS BATTLEGROUNDS
9/22/2023,9:22,990561,PLAYERUNKNOWNS BATTLEGROUNDS
9/22/2023,9:23,990561,PLAYERUNKNOWNS BATTLEGROUNDS
9/22/2023,9:24,990561,PLAYERUNKNOWNS BATTLEGROUNDS
9/22/2023,9:25,990561,PLAYERUNKNOWNS BATTLEGROUNDS
9/22/2023,9:26,990561,PLAYERUNKNOWNS BATTLEGROUNDS
9/22/2023,9:27,969226,PLAYERUNKNOWNS BATTLEGROUNDS
9/22/2023,9:28,969226,PLAYERUNKNOWNS BATTLEGROUNDS
9/22/2023,9:29,969226,PLAYERUNKNOWNS BATTLEGROUNDS
9/22/2023,9:30,969226,PLAYERUNKNOWNS BATTLEGROUNDS
9/22/2023,9:31,969226,PLAYERUNKNOWNS BATTLEGROUNDS
9/22/2023,9:32,948531,PLAYERUNKNOWNS BATTLEGROUNDS
9/22/2023,9:33,948531,PLAYERUNKNOWNS BATTLEGROUNDS
9/22/2023,9:34,948531,PLAYERUNKNOWNS BATTLEGROUNDS
9/22/2023,9:35,948531,PLAYERUNKNOWNS BATTLEGROUNDS
9/22/2023,9:36,948531,PLAYERUNKNOWNS BATTLEGROUNDS
9/22/2023,9:37,927946,PLAYERUNKNOWNS BATTLEGROUNDS
9/22/2023,9:38,927946,PLAYERUNKNOWNS BATTLEGROUNDS
9/22/2023,9:39,927946,PLAYERUNKNOWNS BATTLEGROUNDS
9/22/2023,9:40,927946,PLAYERUNKNOWNS BATTLEGROUNDS
9/22/2023,9:41,927946,PLAYERUNKNOWNS BATTLEGROUNDS
9/22/2023,9:42,910199,PLAYERUNKNOWNS BATTLEGROUNDS
9/22/2023,9:43,910199,PLAYERUNKNOWNS BATTLEGROUNDS
9/22/2023,9:44,910199,PLAYERUNKNOWNS BATTLEGROUNDS
9/22/2023,9:45,910199,PLAYERUNKNOWNS BATTLEGROUNDS
9/22/2023,9:46,910199,PLAYERUNKNOWNS BATTLEGROUNDS
9/22/2023,9:47,898821,PLAYERUNKNOWNS BATTLEGROUNDS
9/22/2023,9:48,898821,PLAYERUNKNOWNS BATTLEGROUNDS
9/22/2023,9:49,898821,PLAYERUNKNOWNS BATTLEGROUNDS
9/22/2023,9:50,898821,PLAYERUNKNOWNS BATTLEGROUNDS
9/22/2023,9:51,898821,PLAYERUNKNOWNS BATTLEGROUNDS
9/22/2023,9:52,884993,PLAYERUNKNOWNS BATTLEGROUNDS
9/22/2023,9:53,884993,PLAYERUNKNOWNS BATTLEGROUNDS
9/22/2023,9:54,884993,PLAYERUNKNOWNS BATTLEGROUNDS
9/22/2023,9:55,884993,PLAYERUNKNOWNS BATTLEGROUNDS
9/22/2023,9:56,884993,PLAYERUNKNOWNS BATTLEGROUNDS
9/22/2023,9:57,867879,PLAYERUNKNOWNS BATTLEGROUNDS
9/22/2023,9:58,867879,PLAYERUNKNOWNS BATTLEGROUNDS
9/22/2023,9:59,867879,PLAYERUNKNOWNS BATTLEGROUNDS
9/22/2023,10:00,867879,PLAYERUNKNOWNS BATTLEGROUNDS
9/22/2023,10:01,867879,PLAYERUNKNOWNS BATTLEGROUNDS
9/22/2023,10:02,846873,PLAYERUNKNOWNS BATTLEGROUNDS
9/22/2023,10:03,846873,PLAYERUNKNOWNS BATTLEGROUNDS
9/22/2023,10:04,846873,PLAYERUNKNOWNS BATTLEGROUNDS
9/22/2023,10:05,846873,PLAYERUNKNOWNS BATTLEGROUNDS
9/22/2023,10:06,846873,PLAYERUNKNOWNS BATTLEGROUNDS
9/22/2023,10:07,821508,PLAYERUNKNOWNS BATTLEGROUNDS
9/22/2023,10:08,821508,PLAYERUNKNOWNS BATTLEGROUNDS
9/22/2023,10:09,821508,PLAYERUNKNOWNS BATTLEGROUNDS
9/22/2023,10:10,821508,PLAYERUNKNOWNS BATTLEGROUNDS
9/22/2023,10:11,821508,PLAYERUNKNOWNS BATTLEGROUNDS
9/22/2023,10:12,783638,PLAYERUNKNOWNS BATTLEGROUNDS
9/22/2023,10:13,783638,PLAYERUNKNOWNS BATTLEGROUNDS
9/22/2023,10:14,783638,PLAYERUNKNOWNS BATTLEGROUNDS
9/22/2023,10:15,783638,PLAYERUNKNOWNS BATTLEGROUNDS
9/22/2023,10:16,783638,PLAYERUNKNOWNS BATTLEGROUNDS
9/22/2023,10:17,756587,PLAYERUNKNOWNS BATTLEGROUNDS
9/22/2023,10:18,756587,PLAYERUNKNOWNS BATTLEGROUNDS
9/22/2023,10:19,756587,PLAYERUNKNOWNS BATTLEGROUNDS
9/22/2023,10:20,756587,PLAYERUNKNOWNS BATTLEGROUNDS
9/22/2023,10:21,756587,PLAYERUNKNOWNS BATTLEGROUNDS
9/22/2023,10:22,741300,PLAYERUNKNOWNS BATTLEGROUNDS
9/22/2023,10:23,741300,PLAYERUNKNOWNS BATTLEGROUNDS
9/22/2023,10:24,741300,PLAYERUNKNOWNS BATTLEGROUNDS
9/22/2023,10:25,741300,PLAYERUNKNOWNS BATTLEGROUNDS
9/22/2023,10:26,741300,PLAYERUNKNOWNS BATTLEGROUNDS
9/22/2023,10:27,728658,PLAYERUNKNOWNS BATTLEGROUNDS
9/22/2023,10:28,728658,PLAYERUNKNOWNS BATTLEGROUNDS
9/22/2023,10:29,728658,PLAYERUNKNOWNS BATTLEGROUNDS
9/22/2023,10:30,728658,PLAYERUNKNOWNS BATTLEGROUNDS
9/22/2023,10:31,728658,PLAYERUNKNOWNS BATTLEGROUNDS
9/22/2023,10:32,717431,PLAYERUNKNOWNS BATTLEGROUNDS
9/22/2023,10:33,717431,PLAYERUNKNOWNS BATTLEGROUNDS
9/22/2023,10:34,717431,PLAYERUNKNOWNS BATTLEGROUNDS
9/22/2023,10:35,717431,PLAYERUNKNOWNS BATTLEGROUNDS
9/22/2023,10:36,717431,PLAYERUNKNOWNS BATTLEGROUNDS
9/22/2023,10:37,705961,PLAYERUNKNOWNS BATTLEGROUNDS
9/22/2023,10:38,705961,PLAYERUNKNOWNS BATTLEGROUNDS
9/22/2023,10:39,705961,PLAYERUNKNOWNS BATTLEGROUNDS
9/22/2023,10:40,705961,PLAYERUNKNOWNS BATTLEGROUNDS
9/22/2023,10:41,705961,PLAYERUNKNOWNS BATTLEGROUNDS
9/22/2023,10:42,694243,PLAYERUNKNOWNS BATTLEGROUNDS
9/22/2023,10:43,694243,PLAYERUNKNOWNS BATTLEGROUNDS
9/22/2023,10:44,694243,PLAYERUNKNOWNS BATTLEGROUNDS
9/22/2023,10:45,694243,PLAYERUNKNOWNS BATTLEGROUNDS
9/22/2023,10:46,694243,PLAYERUNKNOWNS BATTLEGROUNDS
9/22/2023,10:47,684455,PLAYERUNKNOWNS BATTLEGROUNDS
9/22/2023,10:48,684455,PLAYERUNKNOWNS BATTLEGROUNDS
9/22/2023,10:49,684455,PLAYERUNKNOWNS BATTLEGROUNDS
9/22/2023,10:50,684455,PLAYERUNKNOWNS BATTLEGROUNDS
9/22/2023,10:51,684455,PLAYERUNKNOWNS BATTLEGROUNDS
9/22/2023,10:52,674116,PLAYERUNKNOWNS BATTLEGROUNDS
9/22/2023,10:53,674116,PLAYERUNKNOWNS BATTLEGROUNDS
9/22/2023,10:54,674116,PLAYERUNKNOWNS BATTLEGROUNDS
9/22/2023,10:55,674116,PLAYERUNKNOWNS BATTLEGROUNDS
9/22/2023,10:56,674116,PLAYERUNKNOWNS BATTLEGROUNDS
9/22/2023,10:57,664362,PLAYERUNKNOWNS BATTLEGROUNDS
9/22/2023,10:58,664362,PLAYERUNKNOWNS BATTLEGROUNDS
9/22/2023,10:59,664362,PLAYERUNKNOWNS BATTLEGROUNDS
9/22/2023,11:00,664362,PLAYERUNKNOWNS BATTLEGROUNDS
9/22/2023,11:01,664362,PLAYERUNKNOWNS BATTLEGROUNDS
9/22/2023,11:02,653450,PLAYERUNKNOWNS BATTLEGROUNDS
9/22/2023,11:03,653450,PLAYERUNKNOWNS BATTLEGROUNDS
9/22/2023,11:04,653450,PLAYERUNKNOWNS BATTLEGROUNDS
9/22/2023,11:05,653450,PLAYERUNKNOWNS BATTLEGROUNDS
9/22/2023,11:06,653450,PLAYERUNKNOWNS BATTLEGROUNDS
9/22/2023,11:07,641898,PLAYERUNKNOWNS BATTLEGROUNDS
9/22/2023,11:08,641898,PLAYERUNKNOWNS BATTLEGROUNDS
9/22/2023,11:09,641898,PLAYERUNKNOWNS BATTLEGROUNDS
9/22/2023,11:10,641898,PLAYERUNKNOWNS BATTLEGROUNDS
9/22/2023,11:11,641898,PLAYERUNKNOWNS BATTLEGROUNDS
9/22/2023,11:12,626124,PLAYERUNKNOWNS BATTLEGROUNDS
9/22/2023,11:13,626124,PLAYERUNKNOWNS BATTLEGROUNDS
9/22/2023,11:14,626124,PLAYERUNKNOWNS BATTLEGROUNDS
9/22/2023,11:15,626124,PLAYERUNKNOWNS BATTLEGROUNDS
9/22/2023,11:16,626124,PLAYERUNKNOWNS BATTLEGROUNDS
9/22/2023,11:17,616556,PLAYERUNKNOWNS BATTLEGROUNDS
9/22/2023,11:18,616556,PLAYERUNKNOWNS BATTLEGROUNDS
9/22/2023,11:19,616556,PLAYERUNKNOWNS BATTLEGROUNDS
9/22/2023,11:20,616556,PLAYERUNKNOWNS BATTLEGROUNDS
9/22/2023,11:21,616556,PLAYERUNKNOWNS BATTLEGROUNDS
9/22/2023,11:22,613774,PLAYERUNKNOWNS BATTLEGROUNDS
9/22/2023,11:23,613774,PLAYERUNKNOWNS BATTLEGROUNDS
9/22/2023,11:24,613774,PLAYERUNKNOWNS BATTLEGROUNDS
9/22/2023,11:25,613774,PLAYERUNKNOWNS BATTLEGROUNDS
9/22/2023,11:26,613774,PLAYERUNKNOWNS BATTLEGROUNDS
9/22/2023,11:27,612931,PLAYERUNKNOWNS BATTLEGROUNDS
9/22/2023,11:28,612931,PLAYERUNKNOWNS BATTLEGROUNDS
9/22/2023,11:29,612931,PLAYERUNKNOWNS BATTLEGROUNDS
9/22/2023,11:30,612931,PLAYERUNKNOWNS BATTLEGROUNDS
9/22/2023,11:31,612931,PLAYERUNKNOWNS BATTLEGROUNDS
9/22/2023,11:32,612256,PLAYERUNKNOWNS BATTLEGROUNDS
9/22/2023,11:33,612256,PLAYERUNKNOWNS BATTLEGROUNDS
9/22/2023,11:34,612256,PLAYERUNKNOWNS BATTLEGROUNDS
9/22/2023,11:35,612256,PLAYERUNKNOWNS BATTLEGROUNDS
9/22/2023,11:36,612256,PLAYERUNKNOWNS BATTLEGROUNDS
9/22/2023,11:37,613465,PLAYERUNKNOWNS BATTLEGROUNDS
9/22/2023,11:38,613465,PLAYERUNKNOWNS BATTLEGROUNDS
9/22/2023,11:39,613465,PLAYERUNKNOWNS BATTLEGROUNDS
9/22/2023,11:40,613465,PLAYERUNKNOWNS BATTLEGROUNDS
9/22/2023,11:41,613465,PLAYERUNKNOWNS BATTLEGROUNDS
9/22/2023,11:42,615405,PLAYERUNKNOWNS BATTLEGROUNDS
9/22/2023,11:43,615405,PLAYERUNKNOWNS BATTLEGROUNDS
9/22/2023,11:44,615405,PLAYERUNKNOWNS BATTLEGROUNDS
9/22/2023,11:45,615405,PLAYERUNKNOWNS BATTLEGROUNDS
9/22/2023,11:46,615405,PLAYERUNKNOWNS BATTLEGROUNDS
9/22/2023,11:47,618740,PLAYERUNKNOWNS BATTLEGROUNDS
9/22/2023,11:48,618740,PLAYERUNKNOWNS BATTLEGROUNDS
9/22/2023,11:49,618740,PLAYERUNKNOWNS BATTLEGROUNDS
9/22/2023,11:50,618740,PLAYERUNKNOWNS BATTLEGROUNDS
9/22/2023,11:51,618740,PLAYERUNKNOWNS BATTLEGROUNDS
9/22/2023,11:52,622463,PLAYERUNKNOWNS BATTLEGROUNDS
9/22/2023,11:53,622463,PLAYERUNKNOWNS BATTLEGROUNDS
9/22/2023,11:54,622463,PLAYERUNKNOWNS BATTLEGROUNDS
9/22/2023,11:55,622463,PLAYERUNKNOWNS BATTLEGROUNDS
9/22/2023,11:56,622463,PLAYERUNKNOWNS BATTLEGROUNDS
9/22/2023,11:57,626777,PLAYERUNKNOWNS BATTLEGROUNDS
9/22/2023,11:58,626777,PLAYERUNKNOWNS BATTLEGROUNDS
9/22/2023,11:59,626777,PLAYERUNKNOWNS BATTLEGROUNDS
9/22/2023,12:00,626777,PLAYERUNKNOWNS BATTLEGROUNDS
9/22/2023,12:01,626777,PLAYERUNKNOWNS BATTLEGROUNDS
9/22/2023,12:02,631447,PLAYERUNKNOWNS BATTLEGROUNDS
9/22/2023,12:03,631447,PLAYERUNKNOWNS BATTLEGROUNDS
9/22/2023,12:04,631447,PLAYERUNKNOWNS BATTLEGROUNDS
9/22/2023,12:05,631447,PLAYERUNKNOWNS BATTLEGROUNDS
9/22/2023,12:06,631447,PLAYERUNKNOWNS BATTLEGROUNDS
9/22/2023,12:07,637004,PLAYERUNKNOWNS BATTLEGROUNDS
9/22/2023,12:08,637004,PLAYERUNKNOWNS BATTLEGROUNDS
9/22/2023,12:09,637004,PLAYERUNKNOWNS BATTLEGROUNDS
9/22/2023,12:10,637004,PLAYERUNKNOWNS BATTLEGROUNDS
9/22/2023,12:11,637004,PLAYERUNKNOWNS BATTLEGROUNDS
9/22/2023,12:12,642349,PLAYERUNKNOWNS BATTLEGROUNDS
9/22/2023,12:13,642349,PLAYERUNKNOWNS BATTLEGROUNDS
9/22/2023,12:14,642349,PLAYERUNKNOWNS BATTLEGROUNDS
9/22/2023,12:15,642349,PLAYERUNKNOWNS BATTLEGROUNDS
9/22/2023,12:16,642349,PLAYERUNKNOWNS BATTLEGROUNDS
9/22/2023,12:17,649715,PLAYERUNKNOWNS BATTLEGROUNDS
9/22/2023,12:18,649715,PLAYERUNKNOWNS BATTLEGROUNDS
9/22/2023,12:19,649715,PLAYERUNKNOWNS BATTLEGROUNDS
9/22/2023,12:20,649715,PLAYERUNKNOWNS BATTLEGROUNDS
9/22/2023,12:21,649715,PLAYERUNKNOWNS BATTLEGROUNDS
9/22/2023,12:22,658936,PLAYERUNKNOWNS BATTLEGROUNDS
9/22/2023,12:23,658936,PLAYERUNKNOWNS BATTLEGROUNDS
9/22/2023,12:24,658936,PLAYERUNKNOWNS BATTLEGROUNDS
9/22/2023,12:25,658936,PLAYERUNKNOWNS BATTLEGROUNDS
9/22/2023,12:26,658936,PLAYERUNKNOWNS BATTLEGROUNDS
9/22/2023,12:27,668874,PLAYERUNKNOWNS BATTLEGROUNDS
9/22/2023,12:28,668874,PLAYERUNKNOWNS BATTLEGROUNDS
9/22/2023,12:29,668874,PLAYERUNKNOWNS BATTLEGROUNDS
9/22/2023,12:30,668874,PLAYERUNKNOWNS BATTLEGROUNDS
9/22/2023,12:31,668874,PLAYERUNKNOWNS BATTLEGROUNDS
9/22/2023,12:32,680162,PLAYERUNKNOWNS BATTLEGROUNDS
9/22/2023,12:33,680162,PLAYERUNKNOWNS BATTLEGROUNDS
9/22/2023,12:34,680162,PLAYERUNKNOWNS BATTLEGROUNDS
9/22/2023,12:35,680162,PLAYERUNKNOWNS BATTLEGROUNDS
9/22/2023,12:36,680162,PLAYERUNKNOWNS BATTLEGROUNDS
9/22/2023,12:37,691969,PLAYERUNKNOWNS BATTLEGROUNDS
9/22/2023,12:38,691969,PLAYERUNKNOWNS BATTLEGROUNDS
9/22/2023,12:39,691969,PLAYERUNKNOWNS BATTLEGROUNDS
9/22/2023,12:40,691969,PLAYERUNKNOWNS BATTLEGROUNDS
9/22/2023,12:41,691969,PLAYERUNKNOWNS BATTLEGROUNDS
9/22/2023,12:42,704174,PLAYERUNKNOWNS BATTLEGROUNDS
9/22/2023,12:43,704174,PLAYERUNKNOWNS BATTLEGROUNDS
9/22/2023,12:44,704174,PLAYERUNKNOWNS BATTLEGROUNDS
9/22/2023,12:45,704174,PLAYERUNKNOWNS BATTLEGROUNDS
9/22/2023,12:46,704174,PLAYERUNKNOWNS BATTLEGROUNDS
9/22/2023,12:47,717754,PLAYERUNKNOWNS BATTLEGROUNDS
9/22/2023,12:48,717754,PLAYERUNKNOWNS BATTLEGROUNDS
9/22/2023,12:49,717754,PLAYERUNKNOWNS BATTLEGROUNDS
9/22/2023,12:50,717754,PLAYERUNKNOWNS BATTLEGROUNDS
9/22/2023,12:51,717754,PLAYERUNKNOWNS BATTLEGROUNDS
9/22/2023,12:52,732235,PLAYERUNKNOWNS BATTLEGROUNDS
9/22/2023,12:53,732235,PLAYERUNKNOWNS BATTLEGROUNDS
9/22/2023,12:54,732235,PLAYERUNKNOWNS BATTLEGROUNDS
9/22/2023,12:55,732235,PLAYERUNKNOWNS BATTLEGROUNDS
9/22/2023,12:56,732235,PLAYERUNKNOWNS BATTLEGROUNDS
9/22/2023,12:57,747163,PLAYERUNKNOWNS BATTLEGROUNDS
9/22/2023,12:58,747163,PLAYERUNKNOWNS BATTLEGROUNDS
9/22/2023,12:59,747163,PLAYERUNKNOWNS BATTLEGROUNDS
9/22/2023,13:00,747163,PLAYERUNKNOWNS BATTLEGROUNDS
9/22/2023,13:01,747163,PLAYERUNKNOWNS BATTLEGROUNDS
9/22/2023,13:02,762562,PLAYERUNKNOWNS BATTLEGROUNDS
9/22/2023,13:03,762562,PLAYERUNKNOWNS BATTLEGROUNDS
9/22/2023,13:04,762562,PLAYERUNKNOWNS BATTLEGROUNDS
9/22/2023,13:05,762562,PLAYERUNKNOWNS BATTLEGROUNDS
9/22/2023,13:06,762562,PLAYERUNKNOWNS BATTLEGROUNDS
9/22/2023,13:07,777857,PLAYERUNKNOWNS BATTLEGROUNDS
9/22/2023,13:08,777857,PLAYERUNKNOWNS BATTLEGROUNDS
9/22/2023,13:09,777857,PLAYERUNKNOWNS BATTLEGROUNDS
9/22/2023,13:10,777857,PLAYERUNKNOWNS BATTLEGROUNDS
9/22/2023,13:11,777857,PLAYERUNKNOWNS BATTLEGROUNDS
9/22/2023,13:12,794496,PLAYERUNKNOWNS BATTLEGROUNDS
9/22/2023,13:13,794496,PLAYERUNKNOWNS BATTLEGROUNDS
9/22/2023,13:14,794496,PLAYERUNKNOWNS BATTLEGROUNDS
9/22/2023,13:15,794496,PLAYERUNKNOWNS BATTLEGROUNDS
9/22/2023,13:16,794496,PLAYERUNKNOWNS BATTLEGROUNDS
9/22/2023,13:17,811654,PLAYERUNKNOWNS BATTLEGROUNDS
9/22/2023,13:18,811654,PLAYERUNKNOWNS BATTLEGROUNDS
9/22/2023,13:19,811654,PLAYERUNKNOWNS BATTLEGROUNDS
9/22/2023,13:20,811654,PLAYERUNKNOWNS BATTLEGROUNDS
9/22/2023,13:21,811654,PLAYERUNKNOWNS BATTLEGROUNDS
9/22/2023,13:22,830102,PLAYERUNKNOWNS BATTLEGROUNDS
9/22/2023,13:23,830102,PLAYERUNKNOWNS BATTLEGROUNDS
9/22/2023,13:24,830102,PLAYERUNKNOWNS BATTLEGROUNDS
9/22/2023,13:25,830102,PLAYERUNKNOWNS BATTLEGROUNDS
9/22/2023,13:26,830102,PLAYERUNKNOWNS BATTLEGROUNDS
9/22/2023,13:27,849083,PLAYERUNKNOWNS BATTLEGROUNDS
9/22/2023,13:28,849083,PLAYERUNKNOWNS BATTLEGROUNDS
9/22/2023,13:29,849083,PLAYERUNKNOWNS BATTLEGROUNDS
9/22/2023,13:30,849083,PLAYERUNKNOWNS BATTLEGROUNDS
9/22/2023,13:31,849083,PLAYERUNKNOWNS BATTLEGROUNDS
9/22/2023,13:32,868492,PLAYERUNKNOWNS BATTLEGROUNDS
9/22/2023,13:33,868492,PLAYERUNKNOWNS BATTLEGROUNDS
9/22/2023,13:34,868492,PLAYERUNKNOWNS BATTLEGROUNDS
9/22/2023,13:35,868492,PLAYERUNKNOWNS BATTLEGROUNDS
9/22/2023,13:36,868492,PLAYERUNKNOWNS BATTLEGROUNDS
9/22/2023,13:37,887463,PLAYERUNKNOWNS BATTLEGROUNDS
9/22/2023,13:38,887463,PLAYERUNKNOWNS BATTLEGROUNDS
9/22/2023,13:39,887463,PLAYERUNKNOWNS BATTLEGROUNDS
9/22/2023,13:40,887463,PLAYERUNKNOWNS BATTLEGROUNDS
9/22/2023,13:41,887463,PLAYERUNKNOWNS BATTLEGROUNDS
9/22/2023,13:42,906310,PLAYERUNKNOWNS BATTLEGROUNDS
9/22/2023,13:43,906310,PLAYERUNKNOWNS BATTLEGROUNDS
9/22/2023,13:44,906310,PLAYERUNKNOWNS BATTLEGROUNDS
9/22/2023,13:45,906310,PLAYERUNKNOWNS BATTLEGROUNDS
9/22/2023,13:46,906310,PLAYERUNKNOWNS BATTLEGROUNDS
9/22/2023,13:47,926192,PLAYERUNKNOWNS BATTLEGROUNDS
9/22/2023,13:48,926192,PLAYERUNKNOWNS BATTLEGROUNDS
9/22/2023,13:49,926192,PLAYERUNKNOWNS BATTLEGROUNDS
9/22/2023,13:50,926192,PLAYERUNKNOWNS BATTLEGROUNDS
9/22/2023,13:51,926192,PLAYERUNKNOWNS BATTLEGROUNDS
9/22/2023,13:52,944819,PLAYERUNKNOWNS BATTLEGROUNDS
9/22/2023,13:53,944819,PLAYERUNKNOWNS BATTLEGROUNDS
9/22/2023,13:54,944819,PLAYERUNKNOWNS BATTLEGROUNDS
9/22/2023,13:55,944819,PLAYERUNKNOWNS BATTLEGROUNDS
9/22/2023,13:56,944819,PLAYERUNKNOWNS BATTLEGROUNDS
9/22/2023,13:57,963438,PLAYERUNKNOWNS BATTLEGROUNDS
9/22/2023,13:58,963438,PLAYERUNKNOWNS BATTLEGROUNDS
9/22/2023,13:59,963438,PLAYERUNKNOWNS BATTLEGROUNDS
9/22/2023,14:00,963438,PLAYERUNKNOWNS BATTLEGROUNDS
9/22/2023,14:01,963438,PLAYERUNKNOWNS BATTLEGROUNDS
9/22/2023,14:02,981698,PLAYERUNKNOWNS BATTLEGROUNDS
9/22/2023,14:03,981698,PLAYERUNKNOWNS BATTLEGROUNDS
9/22/2023,14:04,981698,PLAYERUNKNOWNS BATTLEGROUNDS
9/22/2023,14:05,981698,PLAYERUNKNOWNS BATTLEGROUNDS
9/22/2023,14:06,981698,PLAYERUNKNOWNS BATTLEGROUNDS
9/22/2023,14:07,998682,PLAYERUNKNOWNS BATTLEGROUNDS
9/22/2023,14:08,998682,PLAYERUNKNOWNS BATTLEGROUNDS
9/22/2023,14:09,998682,PLAYERUNKNOWNS BATTLEGROUNDS
9/22/2023,14:10,998682,PLAYERUNKNOWNS BATTLEGROUNDS
9/22/2023,14:11,998682,PLAYERUNKNOWNS BATTLEGROUNDS
9/22/2023,14:12,1014705,PLAYERUNKNOWNS BATTLEGROUNDS
9/22/2023,14:13,1014705,PLAYERUNKNOWNS BATTLEGROUNDS
9/22/2023,14:14,1014705,PLAYERUNKNOWNS BATTLEGROUNDS
9/22/2023,14:15,1014705,PLAYERUNKNOWNS BATTLEGROUNDS
9/22/2023,14:16,1014705,PLAYERUNKNOWNS BATTLEGROUNDS
9/22/2023,14:17,1030530,PLAYERUNKNOWNS BATTLEGROUNDS
9/22/2023,14:18,1030530,PLAYERUNKNOWNS BATTLEGROUNDS
9/22/2023,14:19,1030530,PLAYERUNKNOWNS BATTLEGROUNDS
9/22/2023,14:20,1030530,PLAYERUNKNOWNS BATTLEGROUNDS
9/22/2023,14:21,1030530,PLAYERUNKNOWNS BATTLEGROUNDS
9/22/2023,14:22,1045661,PLAYERUNKNOWNS BATTLEGROUNDS
9/22/2023,14:23,1045661,PLAYERUNKNOWNS BATTLEGROUNDS
9/22/2023,14:24,1045661,PLAYERUNKNOWNS BATTLEGROUNDS
9/22/2023,14:25,1045661,PLAYERUNKNOWNS BATTLEGROUNDS
9/22/2023,14:26,1045661,PLAYERUNKNOWNS BATTLEGROUNDS
9/22/2023,14:27,1060937,PLAYERUNKNOWNS BATTLEGROUNDS
9/22/2023,14:28,1060937,PLAYERUNKNOWNS BATTLEGROUNDS
9/22/2023,14:29,1060937,PLAYERUNKNOWNS BATTLEGROUNDS
9/22/2023,14:30,1060937,PLAYERUNKNOWNS BATTLEGROUNDS
9/22/2023,14:31,1060937,PLAYERUNKNOWNS BATTLEGROUNDS
9/22/2023,14:32,1075371,PLAYERUNKNOWNS BATTLEGROUNDS
9/22/2023,14:33,1075371,PLAYERUNKNOWNS BATTLEGROUNDS
9/22/2023,14:34,1075371,PLAYERUNKNOWNS BATTLEGROUNDS
9/22/2023,14:35,1075371,PLAYERUNKNOWNS BATTLEGROUNDS
9/22/2023,14:36,1075371,PLAYERUNKNOWNS BATTLEGROUNDS
9/22/2023,14:37,1089115,PLAYERUNKNOWNS BATTLEGROUNDS
9/22/2023,14:38,1089115,PLAYERUNKNOWNS BATTLEGROUNDS
9/22/2023,14:39,1089115,PLAYERUNKNOWNS BATTLEGROUNDS
9/22/2023,14:40,1089115,PLAYERUNKNOWNS BATTLEGROUNDS
9/22/2023,14:41,1089115,PLAYERUNKNOWNS BATTLEGROUNDS
9/22/2023,14:42,1102157,PLAYERUNKNOWNS BATTLEGROUNDS
9/22/2023,14:43,1102157,PLAYERUNKNOWNS BATTLEGROUNDS
9/22/2023,14:44,1102157,PLAYERUNKNOWNS BATTLEGROUNDS
9/22/2023,14:45,1102157,PLAYERUNKNOWNS BATTLEGROUNDS
9/22/2023,14:46,1102157,PLAYERUNKNOWNS BATTLEGROUNDS
9/22/2023,14:47,1115592,PLAYERUNKNOWNS BATTLEGROUNDS
9/22/2023,14:48,1115592,PLAYERUNKNOWNS BATTLEGROUNDS
9/22/2023,14:49,1115592,PLAYERUNKNOWNS BATTLEGROUNDS
9/22/2023,14:50,1115592,PLAYERUNKNOWNS BATTLEGROUNDS
9/22/2023,14:51,1115592,PLAYERUNKNOWNS BATTLEGROUNDS
9/22/2023,14:52,1128488,PLAYERUNKNOWNS BATTLEGROUNDS
9/22/2023,14:53,1128488,PLAYERUNKNOWNS BATTLEGROUNDS
9/22/2023,14:54,1128488,PLAYERUNKNOWNS BATTLEGROUNDS
9/22/2023,14:55,1128488,PLAYERUNKNOWNS BATTLEGROUNDS
9/22/2023,14:56,1128488,PLAYERUNKNOWNS BATTLEGROUNDS
9/22/2023,14:57,1141468,PLAYERUNKNOWNS BATTLEGROUNDS
9/22/2023,14:58,1141468,PLAYERUNKNOWNS BATTLEGROUNDS
9/22/2023,14:59,1141468,PLAYERUNKNOWNS BATTLEGROUNDS
9/22/2023,15:00,1141468,PLAYERUNKNOWNS BATTLEGROUNDS
9/22/2023,15:01,1141468,PLAYERUNKNOWNS BATTLEGROUNDS
9/22/2023,15:02,1154671,PLAYERUNKNOWNS BATTLEGROUNDS
9/22/2023,15:03,1154671,PLAYERUNKNOWNS BATTLEGROUNDS
9/22/2023,15:04,1154671,PLAYERUNKNOWNS BATTLEGROUNDS
9/22/2023,15:05,1154671,PLAYERUNKNOWNS BATTLEGROUNDS
9/22/2023,15:06,1154671,PLAYERUNKNOWNS BATTLEGROUNDS
9/22/2023,15:07,1166923,PLAYERUNKNOWNS BATTLEGROUNDS
9/22/2023,15:08,1166923,PLAYERUNKNOWNS BATTLEGROUNDS
9/22/2023,15:09,1166923,PLAYERUNKNOWNS BATTLEGROUNDS
9/22/2023,15:10,1166923,PLAYERUNKNOWNS BATTLEGROUNDS
9/22/2023,15:11,1166923,PLAYERUNKNOWNS BATTLEGROUNDS
9/22/2023,15:12,1178454,PLAYERUNKNOWNS BATTLEGROUNDS
9/22/2023,15:13,1178454,PLAYERUNKNOWNS BATTLEGROUNDS
9/22/2023,15:14,1178454,PLAYERUNKNOWNS BATTLEGROUNDS
9/22/2023,15:15,1178454,PLAYERUNKNOWNS BATTLEGROUNDS
9/22/2023,15:16,1178454,PLAYERUNKNOWNS BATTLEGROUNDS
9/22/2023,15:17,1195121,PLAYERUNKNOWNS BATTLEGROUNDS
9/22/2023,15:18,1195121,PLAYERUNKNOWNS BATTLEGROUNDS
9/22/2023,15:19,1195121,PLAYERUNKNOWNS BATTLEGROUNDS
9/22/2023,15:20,1195121,PLAYERUNKNOWNS BATTLEGROUNDS
9/22/2023,15:21,1195121,PLAYERUNKNOWNS BATTLEGROUNDS
9/22/2023,15:22,1216787,PLAYERUNKNOWNS BATTLEGROUNDS
9/22/2023,15:23,1216787,PLAYERUNKNOWNS BATTLEGROUNDS
9/22/2023,15:24,1216787,PLAYERUNKNOWNS BATTLEGROUNDS
9/22/2023,15:25,1216787,PLAYERUNKNOWNS BATTLEGROUNDS
9/22/2023,15:26,1216787,PLAYERUNKNOWNS BATTLEGROUNDS
9/22/2023,15:27,1240788,PLAYERUNKNOWNS BATTLEGROUNDS
9/22/2023,15:28,1240788,PLAYERUNKNOWNS BATTLEGROUNDS
9/22/2023,15:29,1240788,PLAYERUNKNOWNS BATTLEGROUNDS
9/22/2023,15:30,1240788,PLAYERUNKNOWNS BATTLEGROUNDS
9/22/2023,15:31,1240788,PLAYERUNKNOWNS BATTLEGROUNDS
9/22/2023,15:32,1266985,PLAYERUNKNOWNS BATTLEGROUNDS
9/22/2023,15:33,1266985,PLAYERUNKNOWNS BATTLEGROUNDS
9/22/2023,15:34,1266985,PLAYERUNKNOWNS BATTLEGROUNDS
9/22/2023,15:35,1266985,PLAYERUNKNOWNS BATTLEGROUNDS
9/22/2023,15:36,1266985,PLAYERUNKNOWNS BATTLEGROUNDS
9/22/2023,15:37,1293797,PLAYERUNKNOWNS BATTLEGROUNDS
9/22/2023,15:38,1293797,PLAYERUNKNOWNS BATTLEGROUNDS
9/22/2023,15:39,1293797,PLAYERUNKNOWNS BATTLEGROUNDS
9/22/2023,15:40,1293797,PLAYERUNKNOWNS BATTLEGROUNDS
9/22/2023,15:41,1293797,PLAYERUNKNOWNS BATTLEGROUNDS
9/22/2023,15:42,1323998,PLAYERUNKNOWNS BATTLEGROUNDS
9/22/2023,15:43,1323998,PLAYERUNKNOWNS BATTLEGROUNDS
9/22/2023,15:44,1323998,PLAYERUNKNOWNS BATTLEGROUNDS
9/22/2023,15:45,1323998,PLAYERUNKNOWNS BATTLEGROUNDS
9/22/2023,15:46,1323998,PLAYERUNKNOWNS BATTLEGROUNDS
9/22/2023,15:47,1355802,PLAYERUNKNOWNS BATTLEGROUNDS
9/22/2023,15:48,1355802,PLAYERUNKNOWNS BATTLEGROUNDS
9/22/2023,15:49,1355802,PLAYERUNKNOWNS BATTLEGROUNDS
9/22/2023,15:50,1355802,PLAYERUNKNOWNS BATTLEGROUNDS
9/22/2023,15:51,1355802,PLAYERUNKNOWNS BATTLEGROUNDS
9/22/2023,15:52,1389225,PLAYERUNKNOWNS BATTLEGROUNDS
9/22/2023,15:53,1389225,PLAYERUNKNOWNS BATTLEGROUNDS
9/22/2023,15:54,1389225,PLAYERUNKNOWNS BATTLEGROUNDS
9/22/2023,15:55,1389225,PLAYERUNKNOWNS BATTLEGROUNDS
9/22/2023,15:56,1389225,PLAYERUNKNOWNS BATTLEGROUNDS
9/22/2023,15:57,1425274,PLAYERUNKNOWNS BATTLEGROUNDS
